capacity,distance_km,fare_per_passenger,transport_mode_encoded,year,month_num,day_num,dow,is_weekend,quarter,week_of_year,is_holiday,lag_1,lag_7,rolling_mean_7,rolling_mean_14,rolling_max_7,rolling_min_7,rolling_std_7,route_hist_mean,modetype_hist_mean,route_month_mean,route_modetype_mean,route_encoded,mode_type_encoded,operator_encoded
0.3413301847481995,-0.09398272074982739,-0.18464993658049272,-0.0,-0.20295531031420846,0.0368587359784678,-0.02190561441921473,-0.023414749737468474,-0.0,0.0,0.06746143836752,-0.0025565863399335835,0.023304854250966702,0.4321655949683953,0.14076368828618235,0.01616539544322936,-0.06454967994754734,0.1332424236546302,0.14871005793169723,0.011291550616526582,3.395113883259146,0.1381115806041401,0.018384560917263752,-0.046442228011825064,0.0017054291733247268,-0.043309133300300375
-0.07870388354676994,0.09595483194102251,-0.007363181402855292,0.0,0.1562576282949754,-0.06941809122025983,0.020592050238873814,-0.023414749737468474,-0.0,-0.0,-0.12055589970614976,-0.0025565863399335835,-0.03797627835018319,0.15387275141482717,-0.10104067156766339,-0.006113562721339991,0.02516755293162662,-0.02606063401108917,-0.004039742157011599,-0.0013746913526461524,-0.19635047593579188,-0.0948233703646919,0.014395307129110304,0.00977295533792895,-0.03765062867263027,-0.014311760553594951
-0.07870388354676994,0.02246408626745189,0.028862671700554905,0.0,-0.20295531031420846,0.007874146742451179,-0.029632462538867196,0.0341153478975892,0.0,-0.0,0.010238770258142245,-0.0025565863399335835,0.03892553511008334,1.2206619850368383,-0.015277548860880607,-0.00014598464154462837,-0.00099997332479912,-0.017085813860907795,-0.017400941374754036,-0.0029486660054064864,-0.2341814348180815,0.24111002831144676,0.02193056428451126,-0.004762779891648753,-0.03765062867263027,-0.014311760553594951
-1.0027788337957027,0.0702330709552728,0.09792901510030357,0.0,0.1562576282949754,0.0368587359784678,-0.037359310658519655,0.022609328370577667,0.0,0.0,0.06337410493113588,-0.0025565863399335835,-0.013944461643849897,-0.4259040059884398,0.05261825661532236,0.015502331212140992,0.06628795133458135,-0.03727915919881589,0.022446677589929222,0.00411411725640711,-5.062106814879936,-0.07712876524574434,-0.035691990433260753,0.033681580814627646,0.09353623081388639,0.03980491685211063
-0.07870388354676994,0.12167659292677226,0.021177651021727778,0.0,0.1562576282949754,-0.03077197223890432,-0.04894958283799836,0.022609328370577667,0.0,-0.0,-0.06333323159677201,-0.0025565863399335835,-0.07522559424499979,0.03791739993417378,-0.2606553721608424,-0.008500593953258135,-0.09632453325892146,-0.05074138942408795,-0.04521157702394986,-0.0032961214697382725,-0.1783858543464743,-0.11146158114817986,0.023260315547229078,-0.001616325009636506,-0.11636274436454026,-0.04621768436607934
3.4915856969604695,-0.08398221535816895,-0.1803626340474493,-0.0,-0.20295531031420846,0.017535676487790055,0.059226290837136125,-0.0004027106834454054,-0.0,0.0,0.04293743774921525,-0.0025565863399335835,0.023304854250966702,0.4321655949683953,0.14076368828618235,0.01616539544322936,-0.06454967994754734,0.1332424236546302,0.14871005793169723,0.011291550616526582,14.792225203007092,0.1381115806041401,0.018384560917263752,0.00281530158474694,-0.0638880005699336,-0.0028538321126475173
-0.07870388354676994,0.02613862355113042,0.026638710732405577,0.0,-0.20295531031420846,0.017535676487790055,0.036045746478178736,0.01110330884356613,-0.0,0.0,0.03885010431283112,-0.0025565863399335835,0.017296900074383382,-0.7505789901342692,-0.14034876947493874,-0.009031045338128832,-0.027167499581224858,-0.05298509446163329,-0.009131379800177504,-0.002555628126382258,-0.2229277499432991,0.20149524073171346,0.0006545440810262086,-0.02184670041299694,0.08041754486523472,0.038277193059984296
-1.0027788337957027,-0.04735212212244021,-0.026884616567721637,0.0,0.1562576282949754,-0.011448912748226571,-0.01417876629956227,0.022609328370577667,0.0,-0.0,-0.022459897232930758,-0.0025565863399335835,-0.046387414197399834,1.7076744612555828,-0.01646870334291934,-0.007373384760407905,0.03825131605983949,-0.010354698748271765,0.0009615437207289114,-0.007035815557696742,-5.06934515024799,0.0509590479287268,-0.051058005024666626,0.03383668774543107,0.09353623081388639,0.03980491685211063
-0.07870388354676994,0.07390760823895133,0.0396612377347911,0.0,-0.20295531031420846,0.017535676487790055,0.028318898358526277,-0.011908730210456943,-0.0,0.0,0.03885010431283112,-0.0025565863399335835,-0.058403322550566475,-0.33313972480391707,0.09430866348667506,0.011126107286957718,0.07189527838952972,-0.01932951889845314,0.004920454749113534,0.0011359421033118899,-0.2233007392339673,0.21337967700563346,-0.010869966862528196,-0.002015171403131016,-0.11636274436454026,-0.04621768436607934
-1.0027788337957027,-0.04735212212244021,0.006326533889975029,0.0,0.1562576282949754,0.007874146742451179,-0.041222734718345894,0.01110330884356613,-0.0,-0.0,0.010238770258142245,-0.0025565863399335835,-0.05600014087993315,-0.07803795154647962,-0.16655416807978912,-0.016656283995645133,-0.0608114619109151,-0.05298509446163329,-0.032984692169566864,-0.010331795130133565,-5.083063256629949,-0.19069115630764655,-0.03790824253779045,-0.03536316152586645,0.09353623081388639,0.03980491685211063
-1.0027788337957027,-0.07307388310818994,0.03360712176594014,0.0,0.1562576282949754,-0.05975656147492094,-0.0180421903593885,-0.023414749737468474,-0.0,-0.0,-0.1082938993969974,-0.0025565863399335835,0.03772394427476668,-1.1216361148723601,-0.153451468777364,-0.014136639917509306,-0.04212037172775385,-0.017085813860907795,-0.03671183413109445,-0.0028104114750964614,-5.097150222167325,-0.3108560119661709,-0.045443499693191405,-0.004519040428957664,0.09353623081388639,0.03980491685211063
-1.0027788337957027,0.09228029465734401,-0.07069664764026344,0.0,0.1562576282949754,0.017535676487790055,-0.025769038479040964,-0.0004027106834454054,-0.0,0.0,0.030675437440062875,-0.0025565863399335835,-0.005533325796633244,-0.2867575842116557,-0.1189079887982431,-0.017253041803624664,-0.06454967994754734,0.0008638264394549527,-0.058598276873210856,-0.009378912425336247,-5.087897588970774,0.10641975054035345,-0.04633000053500328,0.043697056917934234,0.13289228865984137,0.04524008803563697
-1.0027788337957027,0.08493122008998694,-0.016728528146506362,0.0,0.1562576282949754,-0.05975656147492094,0.03990917053800497,-0.011908730210456943,-0.0,-0.0,-0.10011923252422915,-0.0025565863399335835,-0.028363551667649867,-0.9824896930955761,-0.06173257366038802,-0.0010742745650683511,0.0027382447118331284,-0.0036235836356357343,-0.02662937690341798,-0.0003029770390191021,-4.927595020159266,0.11434270805630012,-0.02872662667616744,-0.004807096157592588,-0.09012537246723692,-0.04545382247001618
0.3413301847481995,-0.09715290977888338,-0.1859719578226704,-0.0,-0.20295531031420846,-0.0017873830028876966,0.028318898358526277,0.01110330884356613,-0.0,-0.0,0.002064103385373994,-0.0025565863399335835,0.0905939410286999,0.9539646766313354,0.32837051920726956,0.03705191872251312,0.04012042507815561,0.10856166824163142,0.005421623044296595,0.025289821810417102,3.933622397125338,0.31637812471294013,0.03833082985803099,-0.05009831995219141,0.0017054291733247268,-0.04540975351447408
-1.0027788337957027,-0.003257674718297832,0.01999153850538147,0.0,0.1562576282949754,-0.0017873830028876966,-0.033495886598693424,-0.0004027106834454054,-0.0,-0.0,-0.006110563487394257,-0.0025565863399335835,0.012490536733116722,-1.0752539742800988,-0.0855556633011609,-0.00419067645118371,-0.02342928154459261,-0.02606063401108917,-0.031174508930285658,0.0017301583624539966,-4.9902252941958105,-0.06392383605249986,-0.03362348846903304,0.025881918008512778,-0.09012537246723692,-0.04545382247001618
-1.202295016235813,-0.08322828676725891,-0.1647637718168499,-0.0,-0.20295531031420846,0.0368587359784678,0.020592050238873814,0.022609328370577667,0.0,0.0,0.07154877180390413,-0.0025565863399335835,-0.0644112767271498,-1.4926932396104509,-0.47029856099964457,-0.051467156127784734,-0.17295800300988257,-0.07990955491217741,-0.08328077535202086,-0.03526736231615846,-5.418555462191092,-0.49044304899429525,-0.05242469382245994,0.003768101302539382,0.15912966055714473,0.002493201159794618
-0.07870388354676994,0.08860575737366547,0.1406043550113468,0.0,0.1562576282949754,0.007874146742451179,-0.041222734718345894,0.01110330884356613,-0.0,-0.0,0.010238770258142245,-0.0025565863399335835,-0.01995241582043322,-0.4722861465807011,-0.13796646051086153,-0.01526384911035955,-0.01969106350796036,-0.055228799499178624,-0.020277106890062086,-0.0031629605273870353,0.4426809258354554,0.04303609041278013,0.02754506961598648,0.02364394657834914,-0.024531942723978604,-0.008641554940510708
0.8663727701169112,-0.043677584838761684,0.12773009207350455,0.0,0.1562576282949754,-0.05975656147492094,0.03990917053800497,-0.011908730210456943,-0.0,-0.0,-0.10011923252422915,-0.0025565863399335835,0.11342416689971654,0.061108470230304454,0.016883622154162833,0.0007159988588702592,0.07563349642616196,-0.023816928973543827,0.0009895366165885346,0.001609413040752307,-0.2744160018256673,-0.11542305990615317,-0.00023195676078566863,0.06953343996318972,0.14601097460849305,0.048750914827158036
-0.07870388354676994,0.011440474416416296,0.04984203683343026,0.0,0.1562576282949754,-0.011448912748226571,0.036045746478178736,0.01110330884356613,-0.0,-0.0,-0.014285230360162509,-0.0025565863399335835,-0.054798550044616486,-0.10122902184261029,-0.046247565393885554,-0.008964738915019995,-0.02903660859954098,-0.012598403785817109,-0.03756934066508007,-0.00489869792710493,-0.19110335349749136,-0.25328252068362517,0.02784056989659045,-0.02920320055967346,-0.11636274436454026,-0.04621768436607934
-0.07870388354676994,0.05553492182055867,-0.025525529309408154,0.0,0.1562576282949754,0.007874146742451179,0.0012749299397426567,-0.023414749737468474,-0.0,-0.0,0.018413437130910495,-0.0025565863399335835,0.008885764227166729,-1.2144003960568828,0.10502905382502284,-0.007041852644863715,-0.00099997332479912,-0.02606063401108917,-0.011017715388264718,-0.007186167359408903,-0.24032098095033994,-0.16031981916318433,-0.012642968546151948,0.060714503040366664,0.08041754486523472,0.038277193059984296
-1.296802681602181,-0.09024737347659151,-0.16660916520686536,-0.0,-0.20295531031420846,0.017535676487790055,0.0437725945978312,0.0341153478975892,0.0,0.0,0.03885010431283112,-0.0025565863399335835,-0.0644112767271498,-1.4463110990181898,-0.46910740651760596,-0.05252805889752614,-0.18043443908314705,-0.05074138942408795,-0.09653579237427158,-0.0333825019678466,-6.1788642304833905,-0.4413961691336732,-0.053953907774585426,0.07119529993608352,0.06729885891658306,0.002493201159794618
-0.07870388354676994,-0.0693993458245114,0.1360823010427765,0.0,0.1562576282949754,0.027197206233128927,0.005138353999568888,-0.03492076926448001,-0.0,0.0,0.05519943805836762,-0.0025565863399335835,0.060554170145783306,0.4785477355606566,0.06810326488182483,0.010396736632760514,-0.006607300379747492,-0.02606063401108917,-0.022846566605624265,-0.005373057947628801,0.6743941414680463,-0.21728965653975313,0.03256857438625378,-0.05151644046239411,-0.024531942723978604,-0.008641554940510708
-1.0027788337957027,0.09962936922470106,-0.010921518951894221,0.0,0.1562576282949754,0.017535676487790055,-0.029632462538867196,-0.011908730210456943,-0.0,0.0,0.030675437440062875,-0.0025565863399335835,-0.01754923414979989,0.6640762979297021,-0.1713187860079437,-0.010622399492740933,-0.045858589764386094,-0.041766569273906574,-0.04451309187341306,-0.007352741769314697,-5.131956849675743,-0.18144770587237538,-0.0404199949229241,-0.04194412701852586,0.09353623081388639,0.03980491685211063
-0.07870388354676994,-0.006932212001976364,0.11315079239341452,0.0,0.1562576282949754,0.0368587359784678,0.016728626179047586,0.022609328370577667,0.0,0.0,0.07154877180390413,-0.0025565863399335835,-0.06921764006841646,-0.5882414980613546,-0.2570819087147264,-0.022424942806113977,-0.0608114619109151,-0.03952286423636123,-0.049051167128078006,-0.011402616319023203,-0.13214204127349893,-0.10750010239020653,-0.0015617080235034843,-0.03536316152586645,-0.11636274436454026,-0.04621768436607934
0.3413301847481995,-0.097671667983638,-0.1859719578226704,-0.0,-0.20295531031420846,0.0368587359784678,0.059226290837136125,-0.023414749737468474,-0.0,0.0,-0.13281790001530214,-0.0025565863399335835,0.026909626756916702,1.452572687998145,0.5076392687540863,0.05701015207827316,0.0943245866093232,0.13997353876726626,0.032521135825105414,0.038665947617912484,3.050620732252161,0.4867217113057934,0.05739059795698634,0.019234478116937608,0.0017054291733247268,0.012687819541868359
-0.07870388354676994,-0.021630361136690493,0.06810322744967864,0.0,0.1562576282949754,-0.03077197223890432,-0.025769038479040964,0.01110330884356613,-0.0,-0.0,-0.05924589816038789,-0.0025565863399335835,0.002877810050583407,0.4785477355606566,0.20985064824442404,0.010529349478978184,0.06254973329794909,-0.0036235836356357343,0.004376401686645147,-0.0004219452790507731,-0.31991033644106703,-0.0441164422626332,0.001393294782536102,0.06106903316791734,-0.1032440584158886,-0.04567416724772671
-1.0027788337957027,-0.010606749285654896,0.08572194045290611,0.0,-0.20295531031420846,0.007874146742451179,0.0437725945978312,0.01110330884356613,-0.0,-0.0,0.022500770567294617,-0.0025565863399335835,-0.06320968589183314,3.6789154364266903,0.22414450202888778,0.005291142053380038,0.19712558261671004,-0.05074138942408795,0.11578151389423459,-0.004111911019049499,-5.115124629118995,-0.07580827232641986,-0.04633000053500328,-0.05133917539861878,0.13289228865984137,0.04524008803563697
-0.07870388354676994,0.029813160834808953,0.15063689004544267,0.0,0.1562576282949754,-0.03077197223890432,0.02445547429870005,-0.0004027106834454054,-0.0,-0.0,-0.05107123128761964,-0.0025565863399335835,-0.07642718508031646,0.4089745246722646,-0.09151143571135423,-0.009097351761237667,-0.02342928154459261,-0.05298509446163329,-0.018428538737762384,-0.003921385379373482,-0.25158480856737425,0.0800098921538646,-0.0073239634952806856,-0.035518268456669874,-0.1032440584158886,-0.04567416724772671
-1.0027788337957027,-0.010606749285654896,0.128891493912427,0.0,-0.20295531031420846,0.007874146742451179,0.028318898358526277,-0.03492076926448001,-0.0,-0.0,0.022500770567294617,-0.0025565863399335835,-0.048790595868033165,1.0119423523716622,-0.0903202812293155,-0.00419067645118371,0.0027382447118331284,-0.0327917491237252,-0.0020516645168907697,0.005557724217587647,-4.967244897542437,0.2728018583752334,-0.03835149295869639,-0.003300343115502216,-0.09012537246723692,-0.04545382247001618
-1.0972864991620705,-0.08653882871060128,-0.17968234909796985,-0.0,-0.20295531031420846,-0.0017873830028876966,0.05149944271748367,-0.0004027106834454054,-0.0,-0.0,0.006151436821758119,-0.0025565863399335835,-0.08123354842158309,-0.9361075525033147,-0.414314300343828,-0.047356157895036825,-0.15052869479008907,-0.061959914611814666,-0.08106441745463566,-0.03298446271526047,-4.953610547817014,-0.3893310197431665,-0.04455699885137953,0.07119529993608352,0.041061487019279724,0.04854525970129488
-1.0027788337957027,-0.032653972987726085,0.0697588428370787,0.0,0.1562576282949754,-0.06941809122025983,-0.05667643095765082,-0.011908730210456943,-0.0,-0.0,-0.13281790001530214,0.2531020476534247,0.06776371515768329,0.1306816811186965,0.18483640412161242,-0.0017373387961567323,0.004607353730149252,0.016569761702272357,-0.037696885705343235,-0.001384661631274276,-5.097848441450486,-0.2200060991166492,-0.033918988749637,0.04622308407673279,0.13289228865984137,0.04524008803563697
0.3413301847481995,-0.09421327995194054,-0.18474877929018824,-0.0,-0.20295531031420846,-0.0017873830028876966,0.02445547429870005,-0.0004027106834454054,-0.0,-0.0,0.002064103385373994,-0.0025565863399335835,0.023304854250966702,0.4321655949683953,0.14076368828618235,0.01616539544322936,-0.06454967994754734,0.1332424236546302,0.14871005793169723,0.011291550616526582,15.189329119630607,0.1381115806041401,0.018384560917263752,-0.02162511908327777,-0.0638880005699336,-0.02328713783233711
0.8663727701169112,0.11800205564309373,0.12273853523388051,0.0,0.1562576282949754,-0.0404335019842432,-0.05667643095765082,-0.023414749737468474,-0.0,-0.0,-0.0796825653423085,-0.0025565863399335835,0.053344625133883314,-0.40271293569230915,-0.01885101230699657,-0.003394999373877658,-0.017821954489644236,-0.010354698748271765,-0.039680759656854005,-0.004276552540709795,-0.22410047757893709,-0.06788531481047319,0.009519552499144981,-0.01198633124049377,0.14601097460849305,0.048750914827158036
-1.0027788337957027,-0.006932212001976364,-0.04119209879614899,0.0,0.1562576282949754,0.0368587359784678,0.04763601865765743,0.0341153478975892,0.0,0.0,0.07563610524028824,-0.0025565863399335835,-0.06320968589183314,3.5397690146499055,0.08477942763036592,0.004031320014312125,0.1859109285068133,-0.044010274311451915,0.08860253377805728,-0.003080007809201013,-4.997196563391123,-0.36103474290049986,-0.034140613960089966,0.03390316214434681,-0.09012537246723692,-0.04545382247001618
0.3413301847481995,-0.0913889297260543,-0.18353795609641804,-0.0,-0.20295531031420846,0.007874146742451179,0.028318898358526277,-0.03492076926448001,-0.0,-0.0,0.022500770567294617,-0.0025565863399335835,0.25881665797303294,0.4321655949683953,1.7750276376432086,0.19811022045387902,0.30179568764241294,0.5730086110135175,0.14871005793169723,0.13323204634997288,3.1320333879577964,0.1381115806041401,0.018384560917263752,0.0017295530691229962,0.0017054291733247268,-0.006614382985573854
-0.07870388354676994,-0.05470119668979728,-0.036447648730763754,0.0,-0.20295531031420846,0.007874146742451179,-0.041222734718345894,-0.0004027106834454054,-0.0,-0.0,0.010238770258142245,-0.0025565863399335835,0.1554798461357998,0.8959870008910088,0.19555679445996021,-0.001803645219265568,0.1410523120672263,-0.01932951889845314,0.03542916137192262,-0.008525609779530194,-0.09502274691851673,-0.3293429128367132,0.0296135715802142,-0.04187765261961012,-0.1032440584158886,-0.04567416724772671
-0.07870388354676994,0.007765937132737763,0.013393787633205123,0.0,0.1562576282949754,0.017535676487790055,-0.029632462538867196,-0.011908730210456943,-0.0,0.0,0.030675437440062875,-0.0025565863399335835,-0.0019285532906832513,0.59450308704131,0.21937988410073322,0.010396736632760514,0.032643989004891114,0.056956452378088544,-0.03819912928735697,0.00041955998927161646,-0.22761160443362533,0.027190175380886798,0.0007811870584279017,-0.004651989226789167,-0.11636274436454026,-0.04621768436607934
0.8663727701169112,-0.05837573397347581,0.09605100361608856,0.0,0.1562576282949754,0.027197206233128927,0.04763601865765743,0.01110330884356613,-0.0,0.0,0.05928677149475175,-0.0025565863399335835,0.18191484451276638,1.452572687998145,0.40162651985264647,0.004296545706747467,0.18217271047018105,0.056956452378088544,0.038034630959580186,-0.007482601337632463,-0.21806154556139168,-0.3071586317920625,0.013065555866392489,0.046112293411873215,0.14601097460849305,0.048750914827158036
-1.1812933128210645,-0.0833429899703102,-0.1798802816241351,-0.0,-0.20295531031420846,0.027197206233128927,0.032182322418352505,0.0341153478975892,0.0,0.0,0.05519943805836762,-0.0025565863399335835,-0.0644112767271498,-0.9824896930955761,-0.38334428381082314,-0.042250563315656346,-0.15987423988166966,-0.04625397934899726,-0.08950763552661176,-0.02879093083483206,14.978612758120939,-0.36895770041644654,-0.03455220363664548,-0.004430407897069995,-0.0638880005699336,0.04870684587161594
-0.07870388354676994,-0.04000304755508315,-0.008055080370723973,0.0,0.1562576282949754,-0.011448912748226571,0.016728626179047586,0.0341153478975892,0.0,-0.0,-0.018372563796546636,-0.0025565863399335835,-0.05960491338588315,0.36259238408000327,0.020457085600278792,-0.006047256298231156,0.010214680785097624,-0.021573223935998483,-0.014334665016564024,-0.003873243176854813,-0.343275979957142,-0.3240609411594154,0.005796248963535094,0.04360842438604656,-0.1032440584158886,-0.04567416724772671
-0.07870388354676994,0.02246408626745189,0.03363183244336403,0.0,0.1562576282949754,-0.050095031729582074,-0.02190561441921473,-0.03492076926448001,-0.0,-0.0,-0.09194456565146089,-0.0025565863399335835,0.012490536733116722,-1.3999289584259285,-0.029571402645344462,-0.006113562721339991,0.04572775213310398,-0.044010274311451915,0.004214390189457025,-0.004495388563249947,-0.32668733699832614,-0.0203475697147932,0.00739195047879647,-0.011676117378886929,-0.1032440584158886,-0.04567416724772671
-0.07870388354676994,0.0702330709552728,-0.02967692311662024,0.0,0.1562576282949754,-0.03077197223890432,0.02445547429870005,-0.0004027106834454054,-0.0,-0.0,-0.05107123128761964,-0.0025565863399335835,-0.03196832417359986,-1.1448271851684908,-0.058159110214272065,-0.0165899775725363,-0.00099997332479912,-0.02606063401108917,-0.001853401359911746,-0.008972613397486357,-0.23638302906432707,0.09651605364542014,-0.02416747948970635,0.060714503040366664,-0.03765062867263027,-0.014311760553594951
-0.07870388354676994,0.0702330709552728,-0.06058998057389593,0.0,0.1562576282949754,0.027197206233128927,0.0012749299397426567,0.0341153478975892,0.0,0.0,0.0511121046219835,-0.0025565863399335835,-0.018750824985116554,0.20025489200708851,-0.046247565393885554,0.012120703633590276,-0.04959680780101835,0.0188134667398177,-0.0658861015358973,0.0007969402828612955,-0.3225474519325769,0.07076644171859345,0.03150477337607953,0.043785689449821905,-0.1032440584158886,-0.04567416724772671
-1.0027788337957027,-0.03632851027140462,0.1090488199410502,0.0,0.1562576282949754,-0.03077197223890432,-0.006451918179909807,-0.011908730210456943,-0.0,-0.0,-0.05515856472400376,-0.0025565863399335835,0.029312808427550026,-0.26356651391552505,0.04189786627697446,-0.004124370028074875,0.0027382447118331284,0.04125051711527113,-0.04239393342955055,-0.002092162329827281,-5.090935115214838,0.052090899002433425,-0.04367049800956765,-0.029380465623448794,0.13289228865984137,0.04524008803563697
-0.07870388354676994,-0.06572480854083287,0.01579072334332162,0.0,0.1562576282949754,-0.021110442493565446,0.0437725945978312,0.01110330884356613,-0.0,-0.0,-0.030634564105699008,-0.0025565863399335835,-0.03196832417359986,0.4785477355606566,-0.14749569636717066,-0.014799704148597687,-0.021560172526276483,-0.017085813860907795,-0.03010642591676075,-0.010238450330844424,0.45402434440039413,0.08661235675048679,0.023703565968135016,0.06078097743928242,-0.024531942723978604,-0.008641554940510708
-1.0027788337957027,0.06655853367159428,0.05263434338232886,0.0,0.1562576282949754,-0.021110442493565446,0.03990917053800497,-0.0004027106834454054,-0.0,-0.0,-0.030634564105699008,-0.0025565863399335835,-0.048790595868033165,0.7800316494103554,-0.03433602057349904,-0.007704916875952082,-0.02903660859954098,-0.0013798785980903905,-0.02677270344676809,-0.00711663346328239,-5.00582286428834,-0.1629608050018332,-0.03445088925472413,-0.02926967495858921,-0.09012537246723692,-0.04545382247001618
-0.07870388354676994,0.05920945910423721,0.1925214882789217,0.0,0.1562576282949754,-0.021110442493565446,-0.025769038479040964,-0.03492076926448001,-0.0,-0.0,-0.03880923097846726,-0.0025565863399335835,-0.051193777538666496,-0.40271293569230915,-0.18918610323852336,-0.007439691183516741,-0.04025126270943772,-0.03503545416127054,-0.040771254367027554,-0.006301338365424706,-0.23016252679462987,-0.19691633721303314,0.0002999437443014526,-0.03523021272803495,0.08041754486523472,0.038277193059984296
3.4915856969604695,-0.0797456900193396,-0.178546399256794,-0.0,-0.20295531031420846,0.027197206233128927,0.0012749299397426567,0.022609328370577667,0.0,0.0,0.0511121046219835,-0.0025565863399335835,0.023304854250966702,0.4321655949683953,0.14076368828618235,0.01616539544322936,-0.06454967994754734,0.1332424236546302,0.14871005793169723,0.011291550616526582,15.690481167576609,0.1381115806041401,0.018384560917263752,-0.03436604554213018,-0.0638880005699336,-0.03744796221320035
0.8663727701169112,0.1253511302104508,0.12753240665411353,0.0,-0.20295531031420846,0.017535676487790055,0.020592050238873814,-0.03492076926448001,-0.0,0.0,0.03885010431283112,-0.0025565863399335835,-0.05720173171524981,0.7336495088180941,-0.15702493222347985,0.0002518538971083976,-0.02903660859954098,-0.028304339048634514,-0.01725704955589002,-0.005755232970700097,-0.27939955113176507,0.048978308549740134,0.010849303761862796,-0.029025935495898124,0.14601097460849305,0.048750914827158036
3.4915856969604695,-0.08490445216662161,-0.18075800488623142,-0.0,-0.20295531031420846,0.017535676487790055,0.0553628667773099,-0.011908730210456943,-0.0,0.0,0.04293743774921525,-0.0025565863399335835,0.023304854250966702,0.4321655949683953,0.14076368828618235,0.01616539544322936,-0.06454967994754734,0.1332424236546302,0.14871005793169723,0.011291550616526582,14.799291073842205,0.1381115806041401,0.018384560917263752,0.045181651827052687,-0.0638880005699336,0.0021847184709998793
-0.07870388354676994,-0.032653972987726085,-0.11579363393884706,0.0,0.1562576282949754,-0.0404335019842432,-0.04894958283799836,-0.0004027106834454054,-0.0,-0.0,-0.0796825653423085,-0.0025565863399335835,-0.0475890050327165,-0.8433432713187918,-0.012895239896803376,-0.004787434259163243,0.015822007840045997,-0.021573223935998483,0.009386620295013236,-0.0006847480715797502,-0.43362886974659004,-0.48780206315564645,0.00804205109612518,-0.04156743875800328,-0.03765062867263027,-0.014311760553594951
-1.1392899059915675,-0.08647859511904922,-0.18208719222486197,-0.0,-0.20295531031420846,-0.0017873830028876966,0.0553628667773099,0.01110330884356613,-0.0,-0.0,0.006151436821758119,-0.0025565863399335835,-0.06200809505651647,-1.3535468178336671,-0.4369462355025624,-0.050936704742914035,-0.1692197849732503,-0.05074138942408795,-0.09171359063593973,-0.035042727035251034,-4.907721428400239,-0.40857248799617985,-0.04810300221862704,0.003768101302539382,0.041061487019279724,0.043286364339936954
-1.286301829894807,-0.08956145985030486,-0.17224764758144664,-0.0,-0.20295531031420846,0.017535676487790055,0.0553628667773099,-0.011908730210456943,-0.0,0.0,0.04293743774921525,-0.0025565863399335835,-0.09084627510411641,-1.5622664504988428,-0.5775024643831229,-0.056241218591621026,-0.20847107435788892,-0.07990955491217741,-0.0974108614094777,-0.036385100932733186,-6.180363730067499,-0.6026849471368732,-0.05120575516496861,-0.047129130133954505,0.10665491676253804,0.015757956777968377
-0.07870388354676994,0.02613862355113042,0.1296822355899912,0.0,-0.20295531031420846,0.017535676487790055,-0.033495886598693424,-0.03492076926448001,-0.0,0.0,0.030675437440062875,-0.0025565863399335835,0.010087355062483394,1.61491018007106,0.08120596418424995,0.004296545706747467,0.030774879986574986,-0.017085813860907795,-0.013974700969745025,0.00026260967588556374,-0.2521893404286265,0.5421824139174201,-0.00909696517890444,-0.011919856841578019,-0.03765062867263027,-0.014311760553594951
-0.07870388354676994,0.02246408626745189,0.042008752090059845,0.0,0.1562576282949754,-0.06941809122025983,-0.010315342239736038,-0.03492076926448001,-0.0,-0.0,-0.1246432331425339,-0.0025565863399335835,-0.0043317349613165804,-1.3071646772414056,-0.19752418461279392,-0.011418076570046974,-0.05146591681933447,-0.03503545416127054,-0.047641914935449364,-0.00013627779673140586,-0.16625371843007472,-0.028270527230739865,-0.0009411574342351678,-0.003433291913333719,-0.03765062867263027,-0.014311760553594951
3.4915856969604695,-0.08550967007216866,-0.18101746699918214,-0.0,-0.20295531031420846,0.017535676487790055,-0.037359310658519655,0.0341153478975892,0.0,0.0,0.026588104003678746,-0.0025565863399335835,0.023304854250966702,0.4321655949683953,0.14076368828618235,0.01616539544322936,-0.06454967994754734,0.1332424236546302,0.14871005793169723,0.011291550616526582,14.42762063579427,0.1381115806041401,0.018384560917263752,0.013118833416688451,-0.0638880005699336,-0.03644906588757929
-1.0027788337957027,0.11432751835941518,-0.08218711264236832,0.0,-0.20295531031420846,0.017535676487790055,-0.05281300689782459,-0.011908730210456943,-0.0,0.0,0.026588104003678746,0.2531020476534247,-0.03917786918549985,-1.1912093257607521,-0.003366004040494218,-0.008832126068802324,0.05320418820636848,-0.023816928973543827,0.013983162589907163,-0.0016932256737202521,-4.940943461972076,-0.004501654682899869,-0.03790824253779045,-0.01118863845350475,-0.09012537246723692,-0.04545382247001618
-1.0027788337957027,-0.01795582385301196,0.01181230427807671,0.0,0.1562576282949754,0.017535676487790055,-0.04894958283799836,0.01110330884356613,-0.0,0.0,0.026588104003678746,-0.0025565863399335835,0.04132871678071667,-1.4926932396104509,0.031177475938626683,0.0031693365138972373,0.010214680785097624,-0.05298509446163329,-0.014522045356389887,-0.001757948863111353,-5.061500067612791,0.07274718109758012,-0.04696321542201177,-0.029336149357504962,0.09353623081388639,0.03980491685211063
-1.0027788337957027,0.0812566828063084,0.09041696916344358,0.0,-0.20295531031420846,0.007874146742451179,0.02445547429870005,0.0341153478975892,0.0,-0.0,0.018413437130910495,-0.0025565863399335835,0.04493348928666666,-0.12442009213874097,0.281319917166743,0.005490061322706545,0.19712558261671004,-0.05074138942408795,0.10147627951952953,-0.003062232226732583,-5.134288585856765,0.2807248158911801,-0.05364363247995128,-0.05133917539861878,0.09353623081388639,0.03980491685211063
-0.07870388354676994,0.13270020477780783,0.1797954894056228,0.0,0.1562576282949754,-0.06941809122025983,0.016728626179047586,-0.03492076926448001,-0.0,-0.0,-0.12055589970614976,-0.0025565863399335835,0.0809812143461666,-0.9361075525033147,-0.16655416807978912,-0.007970142568387437,0.02516755293162662,-0.03727915919881589,-0.001300093712987172,0.0015446062296694775,-0.28878755018434243,0.16640785744680675,0.03079557270263003,-0.03525237086100687,-0.1032440584158886,-0.04567416724772671
-1.0027788337957027,0.015115011700094825,-0.1101595994862021,0.0,0.1562576282949754,-0.021110442493565446,0.00900177805939512,-0.011908730210456943,-0.0,-0.0,-0.03472189754208314,-0.0025565863399335835,-0.06921764006841646,-1.0752539742800988,-0.261846526642881,-0.01599321976455675,-0.0701570070024957,-0.04625397934899726,-0.040526633825856084,-0.00550637481614204,-4.998784414342718,-0.14711488996993985,-0.047881377008174075,0.02601486680634428,-0.09012537246723692,-0.04545382247001618
0.8663727701169112,-0.043677584838761684,0.13257338484858533,0.0,0.1562576282949754,-0.03077197223890432,0.0437725945978312,-0.023414749737468474,-0.0,-0.0,-0.04698389785123551,-0.0025565863399335835,0.059352579310466634,2.519361921620156,0.1479106151784143,0.007280334746645155,0.10367013170090382,-0.02606063401108917,0.011992777148067651,-0.005891512436291409,3.4028142682639713,-0.36895770041644654,0.07984861928288725,0.023533155913489548,-0.12948143031319195,-0.04623237401792671
-0.07870388354676994,-0.043677584838761684,-0.0690163215754395,0.0,-0.20295531031420846,0.0368587359784678,-0.037359310658519655,0.01110330884356613,-0.0,0.0,0.06337410493113588,-0.0025565863399335835,0.05214303429856665,0.5017388058567873,0.032368630420665304,0.002904110821461882,0.0008691356935170042,-0.04625397934899726,-0.0017236919338440662,0.0024145981521082062,-0.48295516288131807,-0.0916541873583132,0.016389934023187027,-0.04170038755583478,-0.11636274436454026,-0.04621768436607934
0.8663727701169112,0.00041686256538069945,0.05436409080200057,0.0,0.1562576282949754,-0.06941809122025983,-0.037359310658519655,-0.03492076926448001,-0.0,-0.0,-0.12873056657891802,-0.0025565863399335835,0.060554170145783306,-0.40271293569230915,0.31467224266382515,0.0067498833617744575,0.1634816202870198,-0.0013798785980903905,0.03522426119940956,-0.00036791477295260275,3.4826230290811546,0.3203396034709134,0.0780756175992635,-0.0044525660300419115,-0.12948143031319195,-0.04623237401792671
0.3413301847481995,-0.096288312770959,-0.18563836367744802,-0.0,-0.20295531031420846,0.027197206233128927,0.02445547429870005,0.01110330884356613,-0.0,0.0,0.05519943805836762,-0.0025565863399335835,0.023304854250966702,0.4321655949683953,0.14076368828618235,0.01616539544322936,-0.06454967994754734,0.1332424236546302,0.14871005793169723,0.011291550616526582,3.4241639051690056,0.1381115806041401,0.018384560917263752,-0.05129485913267494,0.0017054291733247268,0.003918097388989363
0.3413301847481995,-0.09660533167386462,-0.18577427240327934,-0.0,-0.20295531031420846,0.0368587359784678,-0.025769038479040964,-0.03492076926448001,-0.0,0.0,0.06746143836752,-0.0025565863399335835,0.040127125945400015,2.9020145815063128,0.7716785122726533,0.08640599965652439,0.3429160860453677,0.12202389846690351,0.20024719914915262,0.05836721818709173,14.507264318293684,0.9819065560524599,0.1212186585674415,0.029759591278598292,-0.0638880005699336,0.01465623288941574
-0.07870388354676994,-0.014281286569333427,-0.08040794386784886,0.0,-0.20295531031420846,-0.0017873830028876966,0.02445547429870005,-0.0004027106834454054,-0.0,-0.0,0.002064103385373994,-0.0025565863399335835,0.011288945897800058,-1.5854575207949737,0.00378092285173771,-0.008633206799475806,0.030774879986574986,-0.061959914611814666,-0.0011058461244444172,-0.0064288662511417195,-0.24913236822877788,-0.05203939977857987,-0.002258244399212822,-0.029247516825617294,-0.03765062867263027,-0.014311760553594951
-1.0027788337957027,0.09228029465734401,-0.0164072893399959,0.0,0.1562576282949754,-0.0017873830028876966,0.0012749299397426567,0.022609328370577667,0.0,-0.0,-0.0020232300510101314,-0.0025565863399335835,-0.06320968589183314,-1.0984450445762293,-0.14153992395697748,-0.012744205032223722,0.030774879986574986,-0.059716209574269326,0.022435420115617118,-0.004701245492571864,-5.076165372903981,-0.0013324716765211579,-0.04118829565249439,-0.027497024320835835,0.09353623081388639,0.03980491685211063
-1.0027788337957027,0.08860575737366547,0.15083457546483373,0.0,0.1562576282949754,0.0368587359784678,0.016728626179047586,0.022609328370577667,0.0,0.0,0.07154877180390413,-0.0025565863399335835,0.07257007849894995,-0.8665343416149227,-0.08436450881912229,-0.006378788413775346,0.01208378980341375,-0.0484976843865426,0.01002158060791957,0.0013876686547229602,-5.033230160250975,-0.2461518589192732,-0.04256237195730281,-0.05136133353159069,0.09353623081388639,0.03980491685211063
-0.07870388354676994,-0.043677584838761684,0.15303382575555918,0.0,0.1562576282949754,-0.050095031729582074,0.00900177805939512,-0.023414749737468474,-0.0,-0.0,-0.08785723221507676,-0.0025565863399335835,0.04253030761603334,0.29301917319161125,0.13004329794783445,0.004959609937835847,-0.015952845471328112,-0.01484210882336245,-0.03769688570534341,-0.00629666760426559,-0.5544745459836357,-0.26595925270913984,-0.002004958444409423,-0.05151644046239411,-0.03765062867263027,-0.014311760553594951
-1.0027788337957027,-0.032653972987726085,-0.021250582115076664,0.0,0.1562576282949754,-0.021110442493565446,0.00900177805939512,-0.011908730210456943,-0.0,-0.0,-0.03472189754208314,-0.0025565863399335835,0.012490536733116722,0.5017388058567873,0.03951555731289723,0.008208624670168878,0.03825131605983949,-0.005867288673181078,-0.02111870323054405,0.0007318937879821461,-5.071778278085998,-0.36895770041644654,-0.05874101232036956,0.033592948282739975,0.09353623081388639,0.03980491685211063
-1.0027788337957027,-0.05102665940611875,0.13966534926923932,0.0,0.1562576282949754,-0.0017873830028876966,0.028318898358526277,0.022609328370577667,0.0,-0.0,0.002064103385373994,-0.0025565863399335835,-0.011541279973216568,0.4785477355606566,-0.15583377774144122,-0.012280060070461861,-0.0608114619109151,-0.03727915919881589,-0.03947433098276468,-0.002426755153486124,-5.106356547685551,-0.3016125615308999,-0.0396812442214142,0.0695112818302178,0.13289228865984137,0.04524008803563697
-0.07870388354676994,0.018789548983773358,0.1199709393624058,0.0,0.1562576282949754,-0.050095031729582074,0.03990917053800497,-0.011908730210456943,-0.0,-0.0,-0.08376989877869265,-0.0025565863399335835,-0.05720173171524981,-0.912916482207184,-0.2546995997506491,-0.02109881434393723,-0.0608114619109151,-0.017085813860907795,-0.05768167184848472,-0.011165890911736486,0.4522753675724913,-0.28180516774103315,0.018680061197867706,0.06078097743928242,-0.024531942723978604,-0.008641554940510708
-0.07870388354676994,0.029813160834808953,0.08762466261454499,0.0,0.1562576282949754,-0.011448912748226571,0.020592050238873814,-0.03492076926448001,-0.0,-0.0,-0.014285230360162509,-0.0025565863399335835,-0.04278264169144984,-0.9361075525033147,-0.06887950055261982,0.00588789986135957,0.006476462748465377,-0.01932951889845314,0.00040026750484791987,0.0017649493873510907,-0.28740649805444746,-0.05468038561722872,0.02902257101900628,-0.027718605650555003,-0.1032440584158886,-0.04567416724772671
-1.0027788337957027,0.0812566828063084,0.11539946403898772,0.0,0.1562576282949754,0.017535676487790055,0.012865202119221352,0.0341153478975892,0.0,0.0,0.034762770876447,-0.0025565863399335835,-0.040379460020816514,-1.2375914663530136,-0.2904342342118086,-0.0343600989657047,-0.08137166111239244,-0.05074138942408795,-0.04173890207677888,-0.015641323852578902,-5.103882907982369,-0.41649544551212647,-0.0433158976728429,0.06942264929833014,0.13289228865984137,0.04524008803563697
0.8663727701169112,0.04083677268584455,0.18985273511714254,0.0,0.1562576282949754,-0.0017873830028876966,-0.0180421903593885,-0.03492076926448001,-0.0,-0.0,-0.0020232300510101314,-0.0025565863399335835,-0.0680160492330998,-0.912916482207184,-0.048629874357962774,-0.0047211278360544074,-0.014083736453011989,-0.03727915919881589,-0.013875361280623964,-0.006269004644626395,-0.13408983757884568,0.3520314335347001,0.021044063442699382,-0.04192196888555395,0.14601097460849305,0.048750914827158036
0.8663727701169112,0.08860575737366547,0.061332501835535125,0.0,-0.20295531031420846,0.0368587359784678,-0.010315342239736038,0.01110330884356613,-0.0,0.0,0.06746143836752,-0.0025565863399335835,-0.06320968589183314,-1.0520629039839682,-0.06768834607058122,0.0010475309744144364,0.10740834973753609,-0.028304339048634514,0.03997158987245393,0.0011233619576311083,3.401785462332966,-0.14711488996993985,0.09683988541761487,0.033681580814627646,-0.12948143031319195,-0.04623237401792671
-0.07870388354676994,-0.025304898420369024,0.16440073737054461,0.0,0.1562576282949754,0.027197206233128927,0.028318898358526277,0.0341153478975892,0.0,0.0,0.05519943805836762,-0.0025565863399335835,0.03411917176881669,2.148304796882065,0.08716173659444314,0.006020512707577241,0.07376438740784584,-0.00811099371072642,0.013950779821937593,0.002406536817071073,0.4729262022060189,0.03511313289683346,0.041433582804372565,0.06946696556427397,-0.024531942723978604,-0.008641554940510708
-0.07870388354676994,0.05553492182055867,0.13810857659153478,0.0,0.1562576282949754,-0.05975656147492094,-0.0025884941200835744,0.022609328370577667,0.0,-0.0,-0.1082938993969974,-0.0025565863399335835,-0.060806504221199806,-0.5418593574690932,-0.13081953361862958,-0.016192139033883272,0.004607353730149252,-0.023816928973543827,-0.011485309981073659,-0.00825585603988828,-0.21404571058838368,0.24111002831144676,0.005087048290085594,-0.015287893053309437,0.08041754486523472,0.038277193059984296
-1.0027788337957027,0.0812566828063084,-0.0989656626131838,0.0,-0.20295531031420846,0.027197206233128927,0.012865202119221352,-0.023414749737468474,-0.0,0.0,0.05519943805836762,-0.0025565863399335835,0.025708035921600033,0.061108470230304454,-0.19633303013075531,-0.017916106034713036,-0.0608114619109151,-0.028304339048634514,-0.04804320246072072,-0.0026884221836464316,-5.119364323770506,0.4114536149043001,-0.030963985943597408,-0.004519040428957664,0.13289228865984137,0.04524008803563697
0.3413301847481995,-0.09185004813028064,-0.1837356415158091,-0.0,-0.20295531031420846,0.027197206233128927,-0.05281300689782459,0.022609328370577667,0.0,0.0,0.04293743774921525,-0.0025565863399335835,0.023304854250966702,0.4321655949683953,0.14076368828618235,0.01616539544322936,-0.06454967994754734,0.1332424236546302,0.14871005793169723,0.011291550616526582,3.291943089313954,0.1381115806041401,0.018384560917263752,-0.040016369449969065,0.0017054291733247268,-0.03384899751059506
-1.0027788337957027,0.0702330709552728,0.14119741126951996,0.0,-0.20295531031420846,0.027197206233128927,0.016728626179047586,-0.011908730210456943,-0.0,0.0,0.05519943805836762,-0.0025565863399335835,-0.005533325796633244,0.08429954052643515,0.10026443589686826,0.002439965859700021,-0.045858589764386094,0.07939350275354197,-0.07608471306805939,-0.002045691104319106,-5.062477969528896,-0.3768806579323932,-0.03303248790782513,-0.03554042658964179,0.09353623081388639,0.03980491685211063
-0.07870388354676994,-0.032653972987726085,0.059479201028744016,0.0,-0.20295531031420846,0.0368587359784678,-0.0180421903593885,-0.011908730210456943,-0.0,0.0,0.06746143836752,-0.0025565863399335835,-0.02596036999701654,-1.5854575207949737,-0.29877231558607914,-0.03668082377451401,-0.0608114619109151,-0.061959914611814666,-0.03651904643674398,-0.01720270808037056,-0.3107089978901176,0.07076644171859345,-0.011313217283434134,-0.027629973118667335,0.08041754486523472,0.038277193059984296
-1.0027788337957027,-0.028979435704047554,0.12187366152404468,0.0,0.1562576282949754,-0.06941809122025983,-0.0180421903593885,0.022609328370577667,0.0,-0.0,-0.12873056657891802,-0.0025565863399335835,-0.049992186703349824,-1.2839736069452747,-0.0438652564298082,0.010131510940325158,0.08124082348111034,-0.0327917491237252,0.01187336554043467,0.004397507145661583,-5.131049098678489,0.19159154383678012,-0.056081509794933926,-0.0221790724075757,0.13289228865984137,0.04524008803563697
-1.0972864991620705,-0.09140478067119959,-0.178557766168409,-0.0,-0.20295531031420846,0.017535676487790055,0.0553628667773099,-0.011908730210456943,-0.0,0.0,0.04293743774921525,-0.0025565863399335835,-0.07522559424499979,-0.9592986227994453,-0.4071673734515962,-0.0469583193563838,-0.16361245791830192,-0.05074138942408795,-0.08991552365715996,-0.028786653790927708,-4.913772530435193,-0.4065917486171932,-0.032515362416768195,-0.00438609163112616,0.041061487019279724,0.043286364339936954
0.8663727701169112,0.13270020477780783,-0.09360344561220153,0.0,0.1562576282949754,-0.05975656147492094,-0.041222734718345894,-0.011908730210456943,-0.0,-0.0,-0.11238123283338153,-0.0025565863399335835,0.03171599009818336,-1.5622664504988428,-0.1725099404899823,-0.017186735380515832,-0.03838215369112161,-0.059716209574269326,-0.01864786522440698,-0.008333078854328628,-0.24876772351628607,-0.1332497143170332,0.010406053340956858,-0.012119280038325273,0.14601097460849305,0.048750914827158036
-0.07870388354676994,0.10330390650837959,0.07761683825787301,0.0,0.1562576282949754,0.017535676487790055,-0.006451918179909807,-0.023414749737468474,-0.0,0.0,0.034762770876447,-0.0025565863399335835,-0.051193777538666496,1.2902351959252303,-0.07483527296281314,-0.00922996460745535,0.004607353730149252,-0.023816928973543827,-0.0071904096341939994,0.002538608628622625,-0.15896596271807506,-0.012424612198846535,0.002427545764649963,0.01010532733250771,-0.11636274436454026,-0.04621768436607934
0.3413301847481995,-0.09185004813028064,-0.1837356415158091,-0.0,-0.20295531031420846,0.027197206233128927,-0.045086158778172125,-0.03492076926448001,-0.0,0.0,0.04702477118559937,-0.0025565863399335835,0.023304854250966702,0.4321655949683953,0.14076368828618235,0.01616539544322936,-0.06454967994754734,0.1332424236546302,0.14871005793169723,0.011291550616526582,14.507739238585568,0.1381115806041401,0.018384560917263752,0.024042792971843648,-0.0638880005699336,-0.007730796525973861
-0.07870388354676994,0.03716223540216601,-0.006226490241356746,0.0,-0.20295531031420846,0.007874146742451179,-0.01417876629956227,-0.0004027106834454054,-0.0,-0.0,0.01432610369452637,-0.0025565863399335835,-0.012742870808533232,1.2670441256290998,-0.025997939199228496,-0.0051189663747074335,0.0027382447118331284,-0.07317843979954138,0.004876608150760334,-0.006155570001945657,0.47257702843064564,-0.17767486896001988,0.010258303200654875,-0.004674147359761085,-0.024531942723978604,-0.008641554940510708
0.3413301847481995,-0.09300284414084645,-0.18422985506428677,-0.0,-0.20295531031420846,0.027197206233128927,0.028318898358526277,0.022609328370577667,0.0,0.0,0.05519943805836762,-0.0025565863399335835,0.05694939763983331,2.159900332030131,0.7619507506693378,0.0853229947457467,0.16161251126870368,0.19606616470589983,0.05239411186436524,0.05764138190296407,3.1540160719797603,0.7283719155421668,0.043206584487996316,-0.03760113295603009,0.0017054291733247268,-0.03204217033336873
0.8663727701169112,-0.025304898420369024,0.08475822403337474,0.0,-0.20295531031420846,0.027197206233128927,-0.02190561441921473,0.0341153478975892,0.0,0.0,0.04702477118559937,-0.0025565863399335835,-0.027161960832333205,1.0119423523716622,-0.051012183322040126,-0.007771223299060931,-0.017821954489644236,-0.028304339048634514,-0.02699338861586075,-0.0014087965816085668,-0.2633160781459334,0.5619898077072867,0.009164952162420225,0.010149643598451545,0.14601097460849305,0.048750914827158036
-0.07870388354676994,0.06288399638791574,0.10262404381084103,0.0,0.1562576282949754,-0.03077197223890432,0.03990917053800497,-0.03492076926448001,-0.0,-0.0,-0.04698389785123551,-0.0025565863399335835,-0.04158105085613318,0.9191780711871396,-0.020042166789035306,-0.009959335261652554,-0.025298390562908734,-0.00811099371072642,-0.03744597984334806,-0.0025473906613359175,-0.3174859725756236,0.02190820370358898,0.007155550254313304,-0.027541340586779667,-0.1032440584158886,-0.04567416724772671
-0.07870388354676994,0.02613862355113042,0.15965628730515938,0.0,0.1562576282949754,-0.011448912748226571,-0.029632462538867196,-0.023414749737468474,-0.0,-0.0,-0.022459897232930758,-0.0025565863399335835,-0.058403322550566475,-0.6810057792458772,-0.19633303013075531,-0.008699513222584653,-0.08137166111239244,-0.01932951889845314,-0.06835351976344058,0.0007823380085006702,-0.1811355635053441,0.33618551850280676,0.019271061759075628,-0.011476694182139674,-0.11636274436454026,-0.04621768436607934
-1.0027788337957027,0.02246408626745189,0.12817488426713444,0.0,-0.20295531031420846,0.027197206233128927,0.032182322418352505,0.0341153478975892,0.0,0.0,0.05519943805836762,-0.0025565863399335835,0.008885764227166729,-1.2607825366491443,-0.19037725772056202,-0.016788896841862806,-0.07576433405744408,-0.0484976843865426,-0.03325785828398145,-0.008947616484640127,-5.103014174328814,0.01926721786494013,-0.031968686897650866,-0.00462983109381725,0.09353623081388639,0.03980491685211063
-1.0027788337957027,-0.028979435704047554,0.1260744766861045,0.0,0.1562576282949754,-0.0404335019842432,-0.01417876629956227,0.022609328370577667,0.0,-0.0,-0.0755952319059244,-0.0025565863399335835,-0.023557188326383212,1.6612923206633212,-0.07959989089096772,-0.004787434259163243,0.03451309802320724,-0.03727915919881589,0.013563959678445661,-0.006053108640549884,-5.118635852988311,-0.11806404574480205,-0.036578491275072636,0.010238276130339213,0.13289228865984137,0.04524008803563697
-0.07870388354676994,-0.003257674718297832,-0.05552429170200024,0.0,-0.20295531031420846,0.0368587359784678,-0.033495886598693424,0.022609328370577667,0.0,0.0,0.06337410493113588,-0.0025565863399335835,-0.0680160492330998,-0.26356651391552505,-0.14630454188513206,-0.002135177334809745,-0.07576433405744408,-0.03727915919881589,-0.045004387304140026,0.003220032840400237,-0.15075812134971686,-0.1141025669868287,0.01284393065593952,-0.0034997663122494707,-0.03765062867263027,-0.014311760553594951
-0.07870388354676994,0.11432751835941518,-0.10793563851805277,0.0,-0.20295531031420846,0.017535676487790055,-0.037359310658519655,0.0341153478975892,0.0,0.0,0.026588104003678746,-0.0025565863399335835,-0.030766733338283205,0.8496048602987476,-0.0664971915885426,-0.008699513222584653,0.015822007840045997,-0.0013798785980903905,-0.012413301019130437,-0.0007625162448791419,-0.19253111875556722,-0.12136527804311319,0.010583353509319236,-0.04156743875800328,-0.1032440584158886,-0.04567416724772671
-1.0027788337957027,0.044511309969523086,0.12002036071725355,0.0,-0.20295531031420846,0.027197206233128927,-0.029632462538867196,0.01110330884356613,-0.0,0.0,0.04702477118559937,-0.0025565863399335835,0.008885764227166729,0.08429954052643515,-0.03552717505553766,-0.014998623417924194,-0.045858589764386094,-0.017085813860907795,-0.04949859886536144,-0.0069995237434903644,-5.1645429379258845,-0.09957714487425987,-0.04898950306043891,-0.041855494486638195,0.13289228865984137,0.04524008803563697
-1.0027788337957027,-0.05837573397347581,0.09466720568035118,0.0,-0.20295531031420846,0.027197206233128927,-0.037359310658519655,-0.011908730210456943,-0.0,0.0,0.04702477118559937,-0.0025565863399335835,-0.01995241582043322,-0.7505789901342692,-0.046247565393885554,-0.004588514989836736,-0.04025126270943772,0.0188134667398177,-0.057382010914732225,-0.0009763787214524693,-5.088761092669932,-0.14711488996993985,-0.02062147612245884,0.043652740651990395,0.13289228865984137,0.04524008803563697
0.8663727701169112,-0.025304898420369024,0.19229909218210678,0.0,-0.20295531031420846,0.007874146742451179,-0.041222734718345894,-0.0004027106834454054,-0.0,-0.0,0.010238770258142245,-0.0025565863399335835,0.1074162127231332,-0.8897254119110533,-0.10580528949581795,-0.005384192067142776,0.06628795133458135,-0.03952286423636123,0.015420245728827851,-0.008830964224691039,3.3840356086737233,-0.35575277122320204,0.025033317230852833,0.015955074437093857,-0.12948143031319195,-0.04623237401792671
-1.0972864991620705,-0.08600796614773573,-0.17299588689384177,-0.0,-0.20295531031420846,-0.0017873830028876966,0.028318898358526277,0.01110330884356613,-0.0,-0.0,0.002064103385373994,-0.0025565863399335835,-0.08123354842158309,-0.8665343416149227,-0.4667250975535286,-0.05445094516768241,-0.1692197849732503,-0.061959914611814666,-0.08239426669034361,-0.03634145552935088,15.392674162279132,-0.5115709357034864,-0.04337499772896368,-0.027984503246218012,-0.0638880005699336,0.04854525970129488
-0.07870388354676994,-0.006932212001976364,-0.07672605293169052,0.0,0.1562576282949754,0.0368587359784678,0.012865202119221352,0.01110330884356613,-0.0,0.0,0.07154877180390413,-0.0025565863399335835,-0.060806504221199806,-1.3535468178336671,-0.19633303013075531,-0.019971605151087,-0.043989480746069974,-0.06644732468690534,-0.016265026264166052,-0.012142592271023475,0.4464994734665655,-0.26860023854778875,-0.002300458725013378,-0.0117647499107746,-0.024531942723978604,-0.008641554940510708
-0.07870388354676994,0.09228029465734401,0.1025252011011455,0.0,-0.20295531031420846,0.017535676487790055,-0.05667643095765082,-0.023414749737468474,-0.0,0.0,0.026588104003678746,-0.0025565863399335835,0.05094144346324999,-1.4463110990181898,-0.06530603710650387,0.0003844667433260685,-0.021560172526276483,-0.0484976843865426,-0.022122327427827642,-0.00182839767892375,-0.19762025450141274,-0.3451888278686065,0.005340334244888994,-0.0013947436799173337,-0.03765062867263027,-0.014311760553594951
-0.07870388354676994,0.1290256674941293,0.15053804733574716,0.0,0.1562576282949754,-0.05975656147492094,-0.04894958283799836,-0.03492076926448001,-0.0,-0.0,-0.11238123283338153,-0.0025565863399335835,-0.02596036999701654,0.08429954052643515,-0.2570819087147264,-0.01048978664652325,-0.06828789798417959,-0.06420361964936,-0.03434822982507972,-0.007134931856999896,-0.21493054931917663,0.12226566557224677,0.0009500443616301635,0.06977717942588081,0.08041754486523472,0.038277193059984296
-0.07870388354676994,0.0812566828063084,-0.07719555580274426,0.0,-0.20295531031420846,0.007874146742451179,-0.037359310658519655,0.01110330884356613,-0.0,-0.0,0.010238770258142245,-0.0025565863399335835,-0.07041923090373313,-1.2839736069452747,-0.05696795573223333,-0.010091948107870239,-0.03464393565448935,-0.041766569273906574,-0.018975375934710367,-0.006158868757971081,-0.17092936899640626,0.12820788370920677,0.019271061759075628,0.010083169199535792,-0.11636274436454026,-0.04621768436607934
0.8663727701169112,-0.03632851027140462,0.1701336145328851,0.0,0.1562576282949754,-0.050095031729582074,0.0012749299397426567,0.0341153478975892,0.0,-0.0,-0.09194456565146089,-0.0025565863399335835,-0.03316991500891653,-0.19399330302713297,-0.2261118921817215,-0.010357173800305578,-0.05894235289259897,-0.05298509446163329,-0.04455681944826716,-0.0071061772383009545,3.425126919198992,-0.13919193245399317,0.07423411395141201,0.04624524220970472,-0.12948143031319195,-0.04623237401792671
-0.07870388354676994,0.06655853367159428,-0.03449550521427712,0.0,-0.20295531031420846,0.007874146742451179,0.03990917053800497,-0.0004027106834454054,-0.0,-0.0,0.022500770567294617,-0.0025565863399335835,0.008885764227166729,-1.4463110990181898,-0.03671832953757639,-0.015197542687250714,0.01769111685836212,-0.0484976843865426,-0.019099284057505342,-0.006640875226627287,-0.13807981777705014,-0.08373122984236653,0.00331404660646184,0.033637264548683814,-0.11636274436454026,-0.04621768436607934
-0.07870388354676994,0.015115011700094825,0.020757569505521795,0.0,-0.20295531031420846,0.007874146742451179,-0.05667643095765082,0.0341153478975892,0.0,-0.0,0.006151436821758119,-0.0025565863399335835,0.04493348928666666,-0.6114325683574852,0.016883622154162833,-0.007837529722169766,-0.021560172526276483,-0.010354698748271765,-0.01889982171880571,-0.010716842427201289,-0.14093503380691985,-0.08373122984236653,0.0028707961855559015,-0.03496431513237194,-0.11636274436454026,-0.04621768436607934
-1.1812933128210645,-0.08324240851838834,-0.18118698224630997,-0.0,-0.20295531031420846,0.007874146742451179,-0.006451918179909807,0.022609328370577667,0.0,-0.0,0.01432610369452637,-0.0025565863399335835,-0.05720173171524981,-1.2375914663530136,-0.45838701617925803,-0.049279044165193096,-0.18417265711977926,-0.044010274311451915,-0.10223031107508765,-0.031371493194976785,-4.939227924300973,-0.4145147061331398,-0.03873142189090148,-0.012385177633988281,0.014824115121976393,0.002493201159794618
-1.0027788337957027,0.08493122008998694,0.022734423699432307,0.0,-0.20295531031420846,0.007874146742451179,-0.045086158778172125,-0.011908730210456943,-0.0,-0.0,0.010238770258142245,-0.0025565863399335835,0.01970008174501671,0.20025489200708851,-0.05339449228611747,0.0031693365138972373,-0.045858589764386094,0.00535123651454564,-0.04249375684111132,-0.003604387492019768,-5.116201473042812,0.021247957243926793,-0.03849924309899837,-0.0031230780517268776,0.13289228865984137,0.04524008803563697
0.8663727701169112,0.11432751835941518,0.012874863407303613,0.0,0.1562576282949754,-0.050095031729582074,0.04763601865765743,0.01110330884356613,-0.0,-0.0,-0.08376989877869265,-0.0025565863399335835,-0.0680160492330998,0.26982810289548054,-0.2153915018433737,-0.022822781344767007,-0.02342928154459261,-0.03727915919881589,-0.019937018192123738,-0.011503856340991134,3.5601787879927342,-0.19465263506561986,0.020453062881491457,-0.02740839178894816,-0.12948143031319195,-0.04623237401792671
-1.1812933128210645,-0.08462662832807526,-0.18143507744764575,-0.0,-0.20295531031420846,0.027197206233128927,-0.037359310658519655,-0.011908730210456943,-0.0,0.0,0.04702477118559937,-0.0025565863399335835,-0.058403322550566475,-1.5854575207949737,-0.5358120575117702,-0.05710320209203591,-0.19164909319304374,-0.07990955491217741,-0.08942444686406308,-0.03574024772807481,-4.940117627387545,0.1381115806041401,-0.04869400277983496,0.003768101302539382,0.041061487019279724,-0.009287899621794922
-0.07870388354676994,-0.003257674718297832,0.15014267649696506,0.0,0.1562576282949754,-0.021110442493565446,0.020592050238873814,0.022609328370577667,0.0,-0.0,-0.03472189754208314,-0.0025565863399335835,-0.003130144125999916,-0.3563307951000477,-0.05339449228611747,-0.00399175718185719,0.019560225876678244,-0.055228799499178624,-0.0018602322685295101,-0.003842135907535058,-0.11684378137176227,-0.2976510827729265,-0.0025368589494965442,0.046311716608620476,-0.11636274436454026,-0.04621768436607934
0.3413301847481995,-0.09715290977888338,-0.1859719578226704,-0.0,-0.20295531031420846,0.027197206233128927,0.02445547429870005,0.01110330884356613,-0.0,0.0,0.05519943805836762,-0.0025565863399335835,-0.022355597491066546,1.104706633556185,0.1032423221019649,0.011988090787372604,-0.010345518416379741,0.04798163222790716,0.005421623044296595,0.008491896377748477,3.061490008632681,0.36787734856659343,0.014395307129110304,0.031354976852576336,0.0017054291733247268,0.025262161523215802
-0.07870388354676994,-0.010606749285654896,0.0801620380325328,0.0,0.1562576282949754,0.0368587359784678,-0.041222734718345894,0.01110330884356613,-0.0,0.0,0.06337410493113588,-0.0025565863399335835,0.016095309239066716,-0.7737700604303999,0.07525019177405665,-0.006378788413775346,0.027036661949942743,0.016569761702272357,-0.009420755405980042,-0.006531084864322257,0.41861234149156074,-0.27982442836204646,0.002427545764649963,-0.012119280038325273,-0.024531942723978604,-0.008641554940510708
0.8663727701169112,0.09962936922470106,0.021400047118542712,0.0,0.1562576282949754,-0.0017873830028876966,-0.033495886598693424,-0.0004027106834454054,-0.0,-0.0,-0.006110563487394257,-0.0025565863399335835,-0.04158105085613318,1.174279844444577,-0.049821028840001516,-0.00598094987512232,-0.0047381913614313684,-0.021573223935998483,0.006592773471010496,-0.0010851714319723641,3.4060377486934956,-0.03619348474668654,0.014616932339563274,-0.04156743875800328,-0.12948143031319195,-0.04623237401792671
-0.07870388354676994,0.004091399849059232,-0.07722026648016815,0.0,0.1562576282949754,0.027197206233128927,0.016728626179047586,-0.0004027106834454054,-0.0,0.0,0.05519943805836762,-0.0025565863399335835,0.07857803267553326,0.15387275141482717,-0.12843722465455237,0.0025725787059177043,0.021429334894994368,-0.04625397934899726,-0.003594898113763805,-0.0006961287798674645,-0.14039190110872282,0.18829031153846898,0.01572505839182812,0.033592948282739975,-0.11636274436454026,-0.04621768436607934
-1.160291609406316,-0.08586790143245197,-0.16387171636184777,-0.0,-0.20295531031420846,0.017535676487790055,0.059226290837136125,-0.0004027106834454054,-0.0,0.0,0.04293743774921525,-0.0025565863399335835,-0.05720173171524981,-1.5158843099065815,-0.47268086996372183,-0.05259436532063497,-0.18791087515641153,-0.061959914611814666,-0.09321006032147136,-0.0356008493208369,-6.298990808276962,-0.42441840302807315,-0.05209225600678048,-0.027984503246218012,0.15912966055714473,0.04870684587161594
-0.07870388354676994,-0.06572480854083287,0.006202980502855621,0.0,0.1562576282949754,0.007874146742451179,0.03990917053800497,0.01110330884356613,-0.0,-0.0,0.022500770567294617,-0.0025565863399335835,0.05094144346324999,1.5453369691826677,0.02641285801047211,-0.0010742745650683511,0.02516755293162662,-0.02606063401108917,0.0003748122293093045,-0.0002864232815096946,-0.36676672911626473,0.14603453812008677,0.022595439915870166,0.00977295533792895,-0.1032440584158886,-0.04567416724772671
0.8663727701169112,-0.006932212001976364,0.1045267659724799,0.0,0.1562576282949754,0.007874146742451179,-0.010315342239736038,0.022609328370577667,0.0,-0.0,0.01432610369452637,-0.0025565863399335835,0.020901672580333375,0.7104584385219634,-0.09746720812154741,-0.005848337028904637,-0.04212037172775385,-0.0327917491237252,-0.02293875210406623,-0.006195779163228542,3.5252936308251543,0.22922559203752677,-0.017961973597023215,-0.004829254290564505,-0.12948143031319195,-0.04623237401792671
0.8663727701169112,-0.05102665940611875,-0.015270598178497352,0.0,-0.20295531031420846,0.0368587359784678,0.032182322418352505,-0.023414749737468474,-0.0,0.0,0.07563610524028824,-0.0025565863399335835,0.018498490909700044,-1.1912093257607521,-0.12605491569047503,-0.016391058303209777,0.004607353730149252,-0.041766569273906574,-0.006205846174541226,-0.005120215610793337,3.5595381292871187,-0.3319838986753621,0.024590066809946895,-0.022666551332957877,-0.12948143031319195,-0.04623237401792671
3.4915856969604695,-0.0870659446864325,-0.18168465528962696,-0.0,-0.20295531031420846,0.017535676487790055,-0.045086158778172125,0.01110330884356613,-0.0,0.0,0.026588104003678746,-0.0025565863399335835,0.023304854250966702,0.4321655949683953,0.14076368828618235,0.01616539544322936,-0.06454967994754734,0.1332424236546302,0.14871005793169723,0.011291550616526582,21.80741100066585,0.1381115806041401,0.018384560917263752,0.04728667445938483,0.11977360271118973,0.028567333188873712
0.8663727701169112,-0.01795582385301196,0.07012950299843693,0.0,0.1562576282949754,-0.05975656147492094,0.0012749299397426567,0.0341153478975892,0.0,-0.0,-0.1082938993969974,-0.0025565863399335835,-0.08003195758626644,-1.3999289584259285,0.018074776636201564,0.0012464502437409559,0.023298443913310492,-0.059716209574269326,0.04106356405228339,0.0024177927368907257,-0.2086240280732393,-0.2679399920881265,-0.011313217283434134,0.026147815604175787,0.14601097460849305,0.048750914827158036
-1.0027788337957027,0.011440474416416296,0.01591427673044103,0.0,-0.20295531031420846,0.0368587359784678,0.028318898358526277,-0.03492076926448001,-0.0,0.0,0.07563610524028824,-0.0025565863399335835,0.017296900074383382,-0.9592986227994453,0.07763250073813398,0.0005833860126525749,-0.00099997332479912,-0.0013798785980903905,-0.026188609696929068,-0.003515509579677609,-5.1918885211738015,0.11275811655311074,-0.025053980331518233,-0.05142780793050645,0.13289228865984137,0.04524008803563697
0.8663727701169112,0.011440474416416296,0.10148735264934247,0.0,0.1562576282949754,-0.011448912748226571,-0.006451918179909807,-0.03492076926448001,-0.0,-0.0,-0.018372563796546636,-0.0025565863399335835,0.026909626756916702,-0.33313972480391707,0.01926593111824018,-0.002599322296571607,0.008345571766781499,-0.02606063401108917,-0.013425725512537129,0.0022788498838835596,-0.28588591540186803,-0.1486994814731292,0.01643425906527762,0.00952921587523786,0.14601097460849305,0.048750914827158036
-1.1392899059915675,-0.08974273702296631,-0.18424221040299868,-0.0,-0.20295531031420846,-0.0017873830028876966,0.03990917053800497,-0.03492076926448001,-0.0,-0.0,0.006151436821758119,-0.0025565863399335835,-0.07522559424499979,-1.1216361148723601,-0.4321816175744078,-0.05232913962819962,-0.1692197849732503,-0.05074138942408795,-0.09171359063593973,-0.035098161784423425,-4.806985692797014,-0.4063087858487665,-0.04340454775702409,0.003768101302539382,0.014824115121976393,-0.013386312487210734
-0.07870388354676994,0.0702330709552728,-0.08920494503075063,0.0,0.1562576282949754,-0.05975656147492094,0.016728626179047586,-0.0004027106834454054,-0.0,-0.0,-0.10420656596061327,-0.0025565863399335835,-0.01754923414979989,0.9191780711871396,0.22652681099296512,0.0038987071680944537,0.006476462748465377,0.056956452378088544,-0.05903330349256766,-0.0006601897010641565,0.4857024267161237,0.016098034858561417,0.02857932059810034,-0.004651989226789167,-0.024531942723978604,-0.008641554940510708
-1.0027788337957027,0.0702330709552728,0.1872334033102111,0.0,-0.20295531031420846,0.007874146742451179,-0.006451918179909807,0.022609328370577667,0.0,-0.0,0.01432610369452637,-0.0025565863399335835,-0.023557188326383212,-0.8433432713187918,-0.13915761499290014,-0.014733397725488852,0.01769111685836212,-0.05074138942408795,-0.001620030650518687,-0.007775375637112526,-5.065109451174946,0.27544284421388227,-0.04222993414162335,-0.02284381639673321,0.09353623081388639,0.03980491685211063
0.3413301847481995,-0.0927722849387333,-0.18413101235459117,-0.0,-0.20295531031420846,0.0368587359784678,0.0437725945978312,0.01110330884356613,-0.0,0.0,0.07563610524028824,-0.0025565863399335835,0.023304854250966702,0.4321655949683953,0.14076368828618235,0.01616539544322936,-0.06454967994754734,0.1332424236546302,0.14871005793169723,0.011291550616526582,3.212718573532402,0.1381115806041401,0.018384560917263752,-0.03935162546081156,0.0017054291733247268,-0.03542079025826349
-1.0027788337957027,0.08493122008998694,0.1777445031794406,0.0,0.1562576282949754,-0.011448912748226571,0.00900177805939512,0.01110330884356613,-0.0,-0.0,-0.018372563796546636,-0.0025565863399335835,0.022103263415650037,0.4321655949683953,0.033559784902703914,0.004826997091618176,0.006476462748465377,-0.055228799499178624,0.0027029699184740173,-0.0008475186668575452,-5.075301105754331,-0.20059485320257986,-0.041232620694584984,-0.029181042426701543,0.09353623081388639,0.03980491685211063
-0.07870388354676994,0.0702330709552728,0.1921755387949874,0.0,0.1562576282949754,-0.03077197223890432,-0.010315342239736038,-0.023414749737468474,-0.0,-0.0,-0.05515856472400376,-0.0025565863399335835,-0.05960491338588315,-1.3303557475375363,-0.029571402645344462,0.006418351246230266,0.02516755293162662,-0.03727915919881589,0.012506919797315514,-0.00011444813405087423,-0.1821662413453764,-0.0916541873583132,-0.003223897101900754,-0.00214812020096252,-0.03765062867263027,-0.014311760553594951
3.4915856969604695,-0.08138842433439586,-0.17925065356337463,-0.0,-0.20295531031420846,0.027197206233128927,-0.041222734718345894,-0.023414749737468474,-0.0,0.0,0.04702477118559937,-0.0025565863399335835,0.08218280518148326,0.4321655949683953,0.5493296756254389,0.06165160169589178,0.027036661949942743,0.24318397049435203,0.14871005793169723,0.04177667454988815,15.746843922646871,0.1381115806041401,0.018384560917263752,-0.034521152472933594,-0.0638880005699336,-0.03287948048866874
-1.0027788337957027,0.10330390650837959,0.10306883600447089,0.0,0.1562576282949754,-0.021110442493565446,-0.033495886598693424,0.022609328370577667,0.0,-0.0,-0.04289656441485139,-0.0025565863399335835,0.07136848766363328,0.8727959305948783,0.19198333101384424,0.004628077822291657,0.032643989004891114,0.056956452378088544,-0.029351862441267314,0.0004040063546117346,-4.968414525555559,-0.23426742264535316,-0.03125948622420137,-0.0031673943176707122,-0.09012537246723692,-0.04545382247001618
6.64184120917274,-0.06562393888990838,-0.17249228328794305,-0.0,-0.20295531031420846,0.0368587359784678,0.059226290837136125,-0.023414749737468474,-0.0,0.0,-0.13281790001530214,-0.0025565863399335835,0.023304854250966702,0.4321655949683953,0.14076368828618235,0.01616539544322936,-0.06454967994754734,0.1332424236546302,0.14871005793169723,0.011291550616526582,14.703451441206257,0.1381115806041401,0.018384560917263752,-0.0025691247274289473,-0.0638880005699336,0.035207055823884274
0.8663727701169112,-0.080422957675547,0.12125589458844763,0.0,-0.20295531031420846,0.007874146742451179,-0.0180421903593885,-0.011908730210456943,-0.0,-0.0,0.01432610369452637,-0.0025565863399335835,-0.040379460020816514,1.1278977038523157,-0.24278805493026262,-0.013805107801965128,-0.008476409398063616,-0.02606063401108917,-0.025943904823263947,-0.0016179661511724515,3.388264289937206,-0.028270527230739865,0.042984959277543346,0.01593291630412194,-0.12948143031319195,-0.04623237401792671
-0.07870388354676994,-0.05470119668979728,0.19501726669873376,0.0,-0.20295531031420846,0.027197206233128927,-0.01417876629956227,-0.023414749737468474,-0.0,0.0,0.0511121046219835,-0.0025565863399335835,0.0064825825565334,1.0119423523716622,0.031177475938626683,0.002439965859700021,-0.006607300379747492,-0.03503545416127054,-0.010326120679445779,0.008481169733155457,0.06662294207020382,-0.3768806579323932,0.023703565968135016,-0.05162723112725369,-0.03765062867263027,-0.014311760553594951
0.8663727701169112,0.004091399849059232,0.026095075829080182,0.0,0.1562576282949754,0.0368587359784678,0.012865202119221352,0.01110330884356613,-0.0,0.0,0.07154877180390413,-0.0025565863399335835,-0.054798550044616486,0.6408852276335714,-0.09865836260358604,-0.010357173800305578,-0.00099997332479912,-0.059716209574269326,0.003639752556904149,-0.004913855400527628,3.422630577781945,-0.3768806579323932,-0.011756467704340072,0.03372589708057148,-0.12948143031319195,-0.04623237401792671
-0.07870388354676994,0.10697844379205812,0.15360217133630844,0.0,0.1562576282949754,0.0368587359784678,0.02445547429870005,-0.03492076926448001,-0.0,0.0,0.07563610524028824,-0.0025565863399335835,-0.027161960832333205,-0.5186682871729625,-0.1605983956695958,-0.026270715346426547,-0.08137166111239244,-0.03503545416127054,-0.054402602445697404,-0.01611741001743683,-0.057144987307309464,-0.04675742810128204,0.011883554743976657,-0.027629973118667335,-0.11636274436454026,-0.04621768436607934
-1.0027788337957027,-0.05470119668979728,-0.0933810495153866,0.0,-0.20295531031420846,0.027197206233128927,0.0437725945978312,-0.011908730210456943,-0.0,0.0,0.05928677149475175,-0.0025565863399335835,0.010087355062483394,0.20025489200708851,0.1562486965526848,0.017292604636079584,0.03825131605983949,0.0031075314770002966,-0.02054482253831136,-0.0039199040808344495,-5.122156271039888,-0.2382289014033265,-0.028599983698765735,0.023488839647545716,0.13289228865984137,0.04524008803563697
0.8663727701169112,0.00041686256538069945,-0.03365534218186515,0.0,0.1562576282949754,0.027197206233128927,0.04763601865765743,0.01110330884356613,-0.0,0.0,0.05928677149475175,-0.0025565863399335835,0.004079400885900071,-1.1912093257607521,-0.20467111150502587,-0.012412672916679546,-0.09445542424060532,-0.05298509446163329,-0.04936006447910025,-0.004040876794855724,3.215944649866127,0.005402042212033463,0.023999066248738966,-0.035518268456669874,-0.12948143031319195,-0.04623237401792671
-1.0027788337957027,-0.032653972987726085,-0.06936227105937384,0.0,0.1562576282949754,-0.06941809122025983,0.020592050238873814,-0.023414749737468474,-0.0,-0.0,-0.12055589970614976,-0.0025565863399335835,-0.023557188326383212,0.8959870008910088,-0.0021748495584554845,-0.010887625185176275,-0.025298390562908734,-0.00811099371072642,-0.03511873220515605,-0.012392880644860594,-4.9975575238551375,-0.08373122984236653,-0.036578491275072636,0.043453317455243154,-0.09012537246723692,-0.04545382247001618
0.8663727701169112,0.09595483194102251,0.11282955358690407,0.0,0.1562576282949754,-0.011448912748226571,-0.037359310658519655,0.0341153478975892,0.0,-0.0,-0.026547230669314886,-0.0025565863399335835,-0.054798550044616486,-1.0288718336878373,0.1776894772293805,0.01914918448312703,0.20647112770829065,-0.012598403785817109,0.06351568290913506,0.005937825844126347,-0.28118421418776657,0.30053220968104677,0.011883554743976657,0.06966638876102123,0.14601097460849305,0.048750914827158036
0.3413301847481995,-0.09749874858205312,-0.1859719578226704,-0.0,-0.20295531031420846,0.007874146742451179,-0.04894958283799836,-0.023414749737468474,-0.0,-0.0,0.010238770258142245,-0.0025565863399335835,0.08218280518148326,1.5685280394787986,0.5493296756254389,0.06165160169589178,0.027036661949942743,0.24318397049435203,0.14871005793169723,0.04177667454988815,3.057508227054347,0.5263364988855267,0.06182310216604574,0.03441279920270091,0.0017054291733247268,0.023293748175668424
-1.0027788337957027,0.004091399849059232,-0.06345641915506617,0.0,0.1562576282949754,-0.03077197223890432,-0.029632462538867196,-0.0004027106834454054,-0.0,-0.0,-0.05924589816038789,-0.0025565863399335835,0.005280991721216735,-1.4695021693143204,0.1491017696604529,0.00084861170508793,0.08871725955437484,-0.05074138942408795,0.04226221451584993,0.0003712618605909371,-5.105110723468222,0.0509590479287268,-0.04987600390225079,-0.04158959689097519,0.13289228865984137,0.04524008803563697
0.8663727701169112,0.007765937132737763,-0.016283735952876494,0.0,0.1562576282949754,0.0368587359784678,0.016728626179047586,0.022609328370577667,0.0,0.0,0.07154877180390413,-0.0025565863399335835,0.0978034860405999,1.4293816177020144,0.23129142892111973,0.011325026556284238,0.07002616937121359,-0.0036235836356357343,0.025967996293244363,-0.002425996439600277,-0.21720719844163394,0.2728018583752334,0.007923850983883604,0.033637264548683814,0.14601097460849305,0.048750914827158036
-1.0027788337957027,-0.025304898420369024,0.10020239742330064,0.0,0.1562576282949754,-0.03077197223890432,0.012865202119221352,-0.03492076926448001,-0.0,-0.0,-0.05107123128761964,-0.0025565863399335835,-0.0043317349613165804,1.5453369691826677,0.06572095591774747,-0.004124370028074875,0.15974340225038755,-0.03054804408617985,0.05962375276087081,-0.003967383597164603,-5.090299508400728,-0.1510763687279132,-0.03640119110671026,-0.04165607128989095,0.09353623081388639,0.03980491685211063
-1.0027788337957027,0.007765937132737763,0.16383239178979536,0.0,-0.20295531031420846,0.007874146742451179,-0.0025884941200835744,0.0341153478975892,0.0,-0.0,0.01432610369452637,-0.0025565863399335835,-0.07041923090373313,-0.8897254119110533,-0.24397920941230128,-0.015926913341447916,-0.10753918736881819,-0.041766569273906574,-0.06063806014321296,-0.003961045953160578,-5.070765923737977,0.10958893354673217,-0.03746499211688451,0.033615106415711894,0.09353623081388639,0.03980491685211063
-0.07870388354676994,0.03716223540216601,0.09741009087440204,0.0,0.1562576282949754,0.0368587359784678,0.032182322418352505,-0.011908730210456943,-0.0,0.0,0.07563610524028824,-0.0025565863399335835,0.06896530599299995,-0.9361075525033147,-0.009321776450687411,-0.003196080104551152,0.006476462748465377,-0.03054804408617985,-0.003243056701076376,-0.00597298385593839,-0.33667983144130975,0.14999601687806013,0.00043291887057323933,0.0338810040113749,-0.1032440584158886,-0.04567416724772671
0.3413301847481995,-0.09752756848231725,-0.1859719578226704,-0.0,-0.20295531031420846,0.007874146742451179,-0.025769038479040964,-0.03492076926448001,-0.0,-0.0,0.01432610369452637,-0.0025565863399335835,0.012490536733116722,-0.08963348669454495,-0.009321776450687411,-0.0005438231801976544,-0.08137166111239244,0.05920015741563388,-0.08221234416471854,9.293366141416753e-05,3.086376066503751,-0.040154963504659864,0.002427545764649963,0.010437699327086467,0.0017054291733247268,0.025511885604621067
-0.07870388354676994,0.02246408626745189,0.05787300699619172,0.0,0.1562576282949754,-0.06941809122025983,0.0012749299397426567,-0.0004027106834454054,-0.0,-0.0,-0.1246432331425339,-0.0025565863399335835,-0.040379460020816514,-1.4463110990181898,-0.046247565393885554,0.003036723667679566,0.0008691356935170042,-0.0484976843865426,-0.009375397085959573,0.008972645085417442,0.38285093995945474,-0.1372111930750065,0.041433582804372565,-0.02931399122453305,-0.024531942723978604,-0.008641554940510708
-1.0027788337957027,0.09595483194102251,-0.08381801735234448,0.0,-0.20295531031420846,0.027197206233128927,0.005138353999568888,0.0341153478975892,0.0,0.0,0.0511121046219835,-0.0025565863399335835,0.054546215969199986,-1.0752539742800988,-0.08198219985504496,0.0007159988588702592,-0.006607300379747492,-0.02606063401108917,-0.004403885489189052,-0.00714947673405739,-5.092348319994475,0.12028492619326012,-0.04160199604533993,-0.04174470382177862,0.09353623081388639,0.03980491685211063
-1.0027788337957027,-0.06572480854083287,0.1199709393624058,0.0,0.1562576282949754,0.027197206233128927,0.036045746478178736,-0.023414749737468474,-0.0,0.0,0.05928677149475175,-0.0025565863399335835,0.07257007849894995,-1.4695021693143204,0.05619172006143831,0.011391332979393072,0.01208378980341375,-0.05074138942408795,-0.014350011016433985,-0.0007780698795390238,-5.650248974318953,0.17376488942590013,-0.05371750755010226,-0.051605072994281784,0.13289228865984137,0.04524008803563697
-0.07870388354676994,-0.05470119668979728,0.07141445822447876,0.0,-0.20295531031420846,0.007874146742451179,-0.041222734718345894,-0.0004027106834454054,-0.0,-0.0,0.010238770258142245,-0.0025565863399335835,-0.0716208217390498,1.035133422667793,-0.06768834607058122,0.0007159988588702592,-0.015952845471328112,-0.044010274311451915,-0.0022310830928472577,-0.00550637481614204,-0.19592645736317568,-0.40064953048023316,0.033455075228065664,0.023599630312405306,-0.03765062867263027,-0.014311760553594951
-0.07870388354676994,-0.06205027125715434,-0.030863035632966548,0.0,0.1562576282949754,-0.0404335019842432,0.016728626179047586,0.0341153478975892,0.0,-0.0,-0.07150789846954027,-0.0025565863399335835,0.04493348928666666,-1.3999289584259285,-0.05339449228611747,-0.006047256298231156,0.021429334894994368,-0.044010274311451915,0.022540079225247013,-0.006109078159212326,-0.3118006349133578,-0.10221813071290872,0.0180890606366598,-0.027341917390032413,0.08041754486523472,0.038277193059984296
-0.07870388354676994,0.03716223540216601,-0.11739982797139936,0.0,-0.20295531031420846,0.027197206233128927,0.028318898358526277,0.022609328370577667,0.0,0.0,0.05519943805836762,-0.0025565863399335835,-0.03917786918549985,-1.0288718336878373,-0.0664971915885426,0.001312756666849791,-0.006607300379747492,-0.02606063401108917,-0.008645015031373682,-0.007497240052606471,-0.14266911734220783,0.04145149890959077,0.006121299272199456,-0.04174470382177862,-0.1032440584158886,-0.04567416724772671
0.8663727701169112,0.05553492182055867,0.12827372697682995,0.0,0.1562576282949754,-0.0017873830028876966,-0.006451918179909807,-0.0004027106834454054,-0.0,-0.0,-0.0020232300510101314,-0.0025565863399335835,0.0004746283799500777,-0.5418593574690932,-0.2070534204691031,-0.026071796077100032,-0.08137166111239244,-0.021573223935998483,-0.05988565467648987,-0.004860752245354637,3.4379548221344933,0.017286478485953462,0.04409308532980819,0.04613445154484513,-0.12948143031319195,-0.04623237401792671
-0.07870388354676994,0.011440474416416296,0.0749480850960938,0.0,0.1562576282949754,0.0368587359784678,0.04763601865765743,0.0341153478975892,0.0,0.0,0.07563610524028824,-0.0025565863399335835,0.07497326016958328,-1.4926932396104509,-0.01885101230699657,0.008739076055039575,0.015822007840045997,-0.05298509446163329,-0.011856109639917036,0.00487214140235861,0.460884506698595,0.06482422358163345,0.03256857438625378,0.023355890849714216,-0.024531942723978604,-0.008641554940510708
-0.07870388354676994,0.02613862355113042,-0.019273727921166148,0.0,0.1562576282949754,-0.05975656147492094,-0.041222734718345894,-0.011908730210456943,-0.0,-0.0,-0.11238123283338153,-0.0025565863399335835,0.014893718403750051,-0.3099486545077864,-0.13081953361862958,-0.01048978664652325,-0.043989480746069974,-0.0484976843865426,-0.024513352563696543,-0.0008071915784766609,-0.20225921759157553,0.03511313289683346,0.01882781133816969,-0.02237849560432295,-0.11636274436454026,-0.04621768436607934
-0.07870388354676994,0.004091399849059232,0.09548265803533929,0.0,-0.20295531031420846,0.017535676487790055,-0.029632462538867196,-0.023414749737468474,-0.0,0.0,0.030675437440062875,-0.0025565863399335835,-0.01514605247916656,-1.0288718336878373,-0.003366004040494218,-0.010887625185176275,0.0943245866093232,-0.00811099371072642,0.023677214334621544,-0.0032122137038099827,-0.42220535378008267,-0.06788531481047319,0.02348194075768205,-0.05149428232942219,-0.03765062867263027,-0.014311760553594951
6.64184120917274,-0.06988928412900187,-0.17432087341731028,-0.0,-0.20295531031420846,0.0368587359784678,-0.010315342239736038,0.01110330884356613,-0.0,0.0,0.06746143836752,-0.0025565863399335835,0.4114186940582493,5.5342010601171445,1.9751415906257017,0.22038917861844837,0.5391725329685608,0.39575591304743535,0.256543774813125,0.1481635356234561,14.697634721568333,1.8811622341124066,0.2134147461158767,0.046577614204283475,-0.0638880005699336,0.03074140166228425
-0.07870388354676994,0.11065298107573666,-0.06815144786560365,0.0,0.1562576282949754,0.027197206233128927,-0.029632462538867196,0.022609328370577667,0.0,0.0,0.04702477118559937,-0.0025565863399335835,0.043731898451350004,-0.19399330302713297,0.10741136278910018,0.008407543939495384,0.21768578181818737,0.0031075314770002966,0.06903129105765292,0.0024495449735169447,-0.31671678404400616,0.01926721786494013,0.023038690336776108,-0.03505294766425961,-0.1032440584158886,-0.04567416724772671
-1.1392899059915675,-0.092436533100656,-0.18094877131594378,-0.0,-0.20295531031420846,0.017535676487790055,0.04763601865765743,-0.03492076926448001,-0.0,0.0,0.04293743774921525,-0.0025565863399335835,-0.07762877591563311,-1.0056807633917066,-0.4869747237481856,-0.05166607539711125,-0.18043443908314705,-0.059716209574269326,-0.09108479830682653,-0.03398063598276219,-4.860006489890345,-0.4620524512288198,-0.04135195734636736,0.02778751744409766,0.014824115121976393,0.043286364339936954
-0.07870388354676994,-0.032653972987726085,-0.12258907023041449,0.0,0.1562576282949754,-0.021110442493565446,0.03990917053800497,-0.0004027106834454054,-0.0,-0.0,-0.030634564105699008,-0.0025565863399335835,0.03411917176881669,0.5017388058567873,0.0919263545225977,0.0025062722828088696,0.032643989004891114,-0.0013798785980903905,0.00032522539178636713,-0.005787343700320489,-0.23308303594577082,-0.3325120958430918,0.005308673500538564,-0.004607672960845332,-0.11636274436454026,-0.04621768436607934
-0.07870388354676994,0.05920945910423721,0.10002942268133348,0.0,-0.20295531031420846,0.007874146742451179,-0.05281300689782459,-0.03492076926448001,-0.0,-0.0,0.010238770258142245,-0.0025565863399335835,-0.060806504221199806,0.9423691414832702,-0.10937875294193393,-0.011285463723829303,-0.02342928154459261,-0.028304339048634514,-0.012988659325728591,-0.009109633512347195,-0.3310547837130359,0.13415010184616677,-0.006880713074374748,-0.02736407552300433,0.08041754486523472,0.038277193059984296
-1.0027788337957027,-0.010606749285654896,-0.1007201207102794,0.0,0.1562576282949754,-0.011448912748226571,-0.029632462538867196,-0.023414749737468474,-0.0,-0.0,-0.022459897232930758,-0.0025565863399335835,-0.012742870808533232,0.4321655949683953,0.004972077333776325,0.00588789986135957,-0.008476409398063616,-0.02606063401108917,-0.03538560388657608,-0.005925961239524806,-4.976487040972731,-0.004501654682899869,-0.042252096662668645,0.023533155913489548,-0.09012537246723692,-0.04545382247001618
-0.07870388354676994,0.08493122008998694,-0.08048207590012049,0.0,0.1562576282949754,0.007874146742451179,0.016728626179047586,0.022609328370577667,0.0,-0.0,0.018413437130910495,-0.0025565863399335835,-0.07883036675094977,0.59450308704131,-0.1713187860079437,-0.015131236264141864,-0.008476409398063616,-0.05747250453672397,-0.002809619884726506,-0.006951947919824854,-0.37897625086786907,-0.3372658703526598,-0.009983466020716317,-0.04192196888555395,-0.11636274436454026,-0.04621768436607934
-1.0027788337957027,0.029813160834808953,0.04517171880031666,0.0,0.1562576282949754,-0.021110442493565446,-0.029632462538867196,0.0341153478975892,0.0,-0.0,-0.04289656441485139,-0.0025565863399335835,0.05094144346324999,-0.8433432713187918,-0.15821608670551857,-0.015529074802794892,-0.021560172526276483,-0.017085813860907795,-0.028373738437095862,-0.010016928867506762,-4.9885116628343775,0.19093129737711792,-0.03303248790782513,0.06078097743928242,-0.09012537246723692,-0.04545382247001618
-0.07870388354676994,0.07390760823895133,0.10593527458564114,0.0,0.1562576282949754,-0.03077197223890432,0.02445547429870005,-0.0004027106834454054,-0.0,-0.0,-0.05107123128761964,-0.0025565863399335835,-0.051193777538666496,-1.1448271851684908,-0.29519885213996316,-0.021297733613263748,-0.07202611602081184,-0.059716209574269326,-0.04722934589497212,-0.007295042802028051,-0.3564189023643554,0.031151654138860126,-0.005255461531052976,-0.027474866187863912,-0.1032440584158886,-0.04567416724772671
-1.0027788337957027,-0.032653972987726085,0.016136672827255963,0.0,-0.20295531031420846,0.007874146742451179,0.012865202119221352,-0.0004027106834454054,-0.0,-0.0,0.018413437130910495,-0.0025565863399335835,0.06656212432236662,-0.12442009213874097,-0.04743871987592417,0.0012464502437409559,0.0027382447118331284,-0.0327917491237252,-0.008022093784723976,0.006435360239386784,-4.967848568222536,0.57783572273918,-0.040124494642320145,-0.003300343115502216,-0.09012537246723692,-0.04545382247001618
0.8663727701169112,0.0812566828063084,-0.03837508156982651,0.0,0.1562576282949754,-0.06941809122025983,-0.01417876629956227,0.0341153478975892,0.0,-0.0,-0.12873056657891802,-0.0025565863399335835,0.02450644508628337,0.24663703259934988,0.09311750900463645,-0.006975546221754879,-0.01969106350796036,0.014326056664727013,-0.039963721217111316,-0.003747205102886831,-0.25727818161232036,-0.0322320059887132,0.0029594462697370844,0.060913926237113926,0.14601097460849305,0.048750914827158036
-1.0027788337957027,-0.010606749285654896,-0.11302603806737235,0.0,0.1562576282949754,0.017535676487790055,0.005138353999568888,0.01110330884356613,-0.0,0.0,0.034762770876447,-0.0025565863399335835,-0.013944461643849897,-1.6086485910911044,-0.12724607017251363,0.0010475309744144364,0.008345571766781499,-0.06420361964936,-0.010532973298844409,-0.0012800768464923382,-5.095212965446565,0.14603453812008677,-0.059627513162181435,-0.03569553352044521,0.09353623081388639,0.03980491685211063
0.8663727701169112,0.015115011700094825,0.1539234101428189,0.0,0.1562576282949754,0.017535676487790055,0.02445547429870005,-0.011908730210456943,-0.0,0.0,0.03885010431283112,-0.0025565863399335835,-0.03917786918549985,0.24663703259934988,-0.2475526728584172,-0.02527611899979399,-0.07950255209407633,-0.03054804408617985,-0.061688313020413374,-0.005542267819203297,3.4293845045849496,-0.19465263506561986,0.02754506961598648,0.06093608437008584,-0.12948143031319195,-0.04623237401792671
0.8663727701169112,-0.014281286569333427,0.07077198061145784,0.0,0.1562576282949754,0.027197206233128927,-0.05281300689782459,0.0341153478975892,0.0,0.0,0.04293743774921525,-0.0025565863399335835,0.028111217592233364,-1.2607825366491443,-0.12009914328028182,-0.01957376661243397,-0.0047381913614313684,-0.04625397934899726,0.0003466709504778551,-0.011050788112545732,-0.13965048186991433,-0.22106249345210877,-0.020178225701552904,-0.05144996606347836,0.14601097460849305,0.048750914827158036
-0.07870388354676994,-0.006932212001976364,-0.015122334113954064,0.0,0.1562576282949754,-0.050095031729582074,-0.006451918179909807,0.01110330884356613,-0.0,-0.0,-0.09194456565146089,-0.0025565863399335835,0.029312808427550026,-0.7273879198381386,0.03475093938474265,0.0071477219004274836,0.01769111685836212,-0.04625397934899726,0.025716398149342276,-0.001773502497771235,-0.16274854277127665,-0.02430904847276653,0.008780801797635086,-0.00478493802462067,0.08041754486523472,0.038277193059984296
-0.07870388354676994,0.018789548983773358,0.10101784977828875,0.0,0.1562576282949754,0.0368587359784678,-0.05667643095765082,-0.03492076926448001,-0.0,0.0,0.06337410493113588,-0.0025565863399335835,0.007684173391850065,1.3829994771097531,-0.03433602057349904,-0.00419067645118371,0.03638220704152336,-0.05298509446163329,0.01499732563292875,-0.006479474010247253,-0.2339867514293344,0.2041362265703623,0.0036686469431865963,0.04633387474159239,-0.03765062867263027,-0.014311760553594951
0.3413301847481995,-0.09614421326963829,-0.18557658698388826,-0.0,-0.20295531031420846,-0.0017873830028876966,0.036045746478178736,0.0341153478975892,0.0,-0.0,0.002064103385373994,-0.0025565863399335835,0.03051439926286669,0.5017388058567873,0.17411601378326452,0.01987855513732425,0.03638220704152336,0.025544581852453733,0.01475555197122343,0.013780132162107118,3.085428755161752,0.16188045315198013,0.02193056428451126,0.060448605444703665,0.0017054291733247268,0.03273919431352637
-0.07870388354676994,0.07758214552262986,0.10524337561777244,0.0,0.1562576282949754,-0.050095031729582074,0.020592050238873814,0.01110330884356613,-0.0,-0.0,-0.08785723221507676,-0.0025565863399335835,0.03652235343945002,0.0147263296380431,-0.048629874357962774,-0.0028645479890069617,-0.043989480746069974,-0.028304339048634514,-0.04770825010563437,-0.001382439683465719,-0.3349714704706885,0.19621326905441563,0.01022875317259448,0.043652740651990395,-0.1032440584158886,-0.04567416724772671
0.8663727701169112,0.11800205564309373,-0.03622525263394882,0.0,0.1562576282949754,-0.011448912748226571,0.032182322418352505,-0.0004027106834454054,-0.0,-0.0,-0.014285230360162509,-0.0025565863399335835,-0.051193777538666496,-0.8665343416149227,-0.02838024816330585,-0.0006101296033064898,0.1709580563602843,-0.0686910297244507,0.07268766882896167,-0.0004316202918209459,-0.25735215094110114,-0.3253814340787398,-0.0024482088653153614,0.06944480743130206,0.14601097460849305,0.048750914827158036
-1.2442984230653098,-0.08930294534493546,-0.16564371903991432,-0.0,-0.20295531031420846,0.027197206233128927,0.012865202119221352,-0.023414749737468474,-0.0,0.0,0.05519943805836762,-0.0025565863399335835,-0.07402400340968311,-1.5390753802027122,-0.5477236023321568,-0.058495636977321505,-0.16174334889998582,-0.07990955491217741,-0.07904556221998202,-0.036378872291976054,-6.417617886486429,-0.44818727557591315,-0.05356975740980029,-0.047129130133954505,0.10665491676253804,0.002493201159794618
-0.07870388354676994,-0.021630361136690493,-0.0009384052726461161,0.0,0.1562576282949754,0.027197206233128927,0.0012749299397426567,0.0341153478975892,0.0,0.0,0.0511121046219835,-0.0025565863399335835,0.0016762192152667424,-0.24037544361939434,-0.052203337804078744,0.011590252248719578,-0.06454967994754734,0.0031075314770002966,-0.06173732478646576,-0.0019208527208648234,0.4583030921787363,0.62537346783486,0.014838557550016243,0.061201981965748845,-0.024531942723978604,-0.008641554940510708
-0.07870388354676994,0.011440474416416296,0.15992810475682212,0.0,0.1562576282949754,-0.0017873830028876966,0.03990917053800497,-0.023414749737468474,-0.0,-0.0,0.006151436821758119,-0.0025565863399335835,-0.005533325796633244,0.7336495088180941,0.21580642065461725,0.009534753132345626,0.1410523120672263,-0.05074138942408795,0.05897690045087138,-0.00645596514274514,-0.2420152984734233,0.015305739106966795,-0.007619463775884641,-0.04187765261961012,0.08041754486523472,0.038277193059984296
-1.0027788337957027,-0.025304898420369024,0.16262156859602517,0.0,0.1562576282949754,-0.0404335019842432,-0.037359310658519655,0.0341153478975892,0.0,-0.0,-0.0796825653423085,-0.0025565863399335835,-0.012742870808533232,0.8264137900026168,0.13004329794783445,-0.001869951642374403,0.09806280464595546,0.0031075314770002966,0.025323272899390858,-0.0032868291133269683,-5.080559763096309,-0.10274632788063857,-0.025053980331518233,-0.03491999886642811,0.13289228865984137,0.04524008803563697
-1.0972864991620705,-0.09025140826262848,-0.18241732687524503,-0.0,-0.20295531031420846,0.0368587359784678,-0.025769038479040964,-0.03492076926448001,-0.0,0.0,0.06746143836752,-0.0025565863399335835,-0.05960491338588315,-1.1680182554646215,-0.46791625203556725,-0.048417060664778216,-0.16361245791830192,-0.055228799499178624,-0.08886678384090699,-0.03141106604966697,-5.211800597186812,-0.40857248799617985,-0.04071549520352806,-0.012385177633988281,0.041061487019279724,0.043286364339936954
-0.07870388354676994,-0.01795582385301196,0.16763783611307312,0.0,0.1562576282949754,0.017535676487790055,0.005138353999568888,0.01110330884356613,-0.0,0.0,0.034762770876447,-0.0025565863399335835,0.02450644508628337,0.4089745246722646,-0.005748313004571449,-0.00027859748776229925,-0.006607300379747492,0.009838646589636327,-0.03156929337829397,0.004071389684940945,0.4810574817261803,0.2688403796172601,0.0281360701771944,0.0260370249393162,-0.024531942723978604,-0.008641554940510708
-0.07870388354676994,-0.07674842039186847,0.015049403020605178,0.0,0.1562576282949754,0.007874146742451179,-0.045086158778172125,-0.0004027106834454054,-0.0,-0.0,0.010238770258142245,-0.0025565863399335835,-0.043984232526766504,0.9191780711871396,-0.060541419178349286,-0.00922996460745535,0.010214680785097624,-0.059716209574269326,0.022734557064490797,-0.0040328725852061984,-0.17847923665514942,0.10245827178238012,0.008337551376729148,-0.01183122430969035,-0.11636274436454026,-0.04621768436607934
-1.0027788337957027,0.03348769811848749,-0.037757314634229475,0.0,0.1562576282949754,-0.05975656147492094,-0.0180421903593885,-0.023414749737468474,-0.0,-0.0,-0.1082938993969974,-0.0025565863399335835,-0.08123354842158309,0.4785477355606566,-0.27018460801715155,-0.026337021769535382,-0.03464393565448935,-0.061959914611814666,-0.009070098127938193,-0.007303683710172425,-5.073070214715566,0.013985246187642315,-0.04677325095590923,-0.022444970003238703,0.09353623081388639,0.03980491685211063
0.8663727701169112,0.048185847253201616,0.04055082212205083,0.0,0.1562576282949754,0.017535676487790055,-0.04894958283799836,0.01110330884356613,-0.0,0.0,0.026588104003678746,-0.0025565863399335835,0.043731898451350004,-1.3999289584259285,-0.1189079887982431,0.002042127321047008,-0.03277482663617323,-0.044010274311451915,-0.014618943439540283,0.0111360142699278,-0.21419394024011898,0.14075256644278894,0.041256282636010194,-0.01504415359061835,0.14601097460849305,0.048750914827158036
6.64184120917274,-0.020780174078898202,-0.15326737625216327,-0.0,-0.20295531031420846,0.007874146742451179,-0.041222734718345894,-0.0004027106834454054,-0.0,-0.0,0.010238770258142245,-0.0025565863399335835,0.18071325367744973,3.4701958037615137,1.2330523483156235,0.13777137542483706,0.18030360145186494,0.4271677835730702,0.14871005793169723,0.09279259623428915,14.547000884102054,1.1760190151931533,0.13451617119461964,0.03702745889338715,-0.0638880005699336,0.04275753687343169
-0.07870388354676994,0.004091399849059232,-0.03484145469821146,0.0,0.1562576282949754,-0.050095031729582074,-0.037359310658519655,-0.0004027106834454054,-0.0,-0.0,-0.09603189908784501,-0.0025565863399335835,-0.08483832092753309,-1.2607825366491443,-0.2928165431758859,-0.010622399492740933,-0.10567007835050206,-0.0686910297244507,-0.046623000465550936,-0.006395153939563661,-0.09274145695295041,-0.056000878536553195,-0.01884847443883509,-0.041966285151497786,-0.1032440584158886,-0.04567416724772671
-0.07870388354676994,0.03348769811848749,0.18567663063250656,0.0,-0.20295531031420846,0.007874146742451179,0.04763601865765743,0.022609328370577667,0.0,-0.0,0.022500770567294617,-0.0025565863399335835,-0.058403322550566475,-0.7041968495420079,0.040706711794935846,0.008407543939495384,0.11488478581080057,-0.01932951889845314,0.018595989454884984,0.004672614977933907,0.4816232053246103,0.08265087799251347,0.02902257101900628,-0.0034997663122494707,-0.024531942723978604,-0.008641554940510708
0.3413301847481995,-0.09781576748495874,-0.1859719578226704,-0.0,-0.20295531031420846,0.027197206233128927,0.020592050238873814,-0.0004027106834454054,-0.0,0.0,0.05519943805836762,-0.0025565863399335835,0.1182305302409832,0.4321655949683953,0.7994721168535552,0.08950029940160345,0.08310993249942646,0.31049512162071236,0.14871005793169723,0.06044103614174218,3.427451909199612,0.1381115806041401,0.08841812742040205,-0.04812624611769077,0.0017054291733247268,-0.044498995099937225
-1.0972864991620705,-0.09064162971220502,-0.175751621640153,-0.0,-0.20295531031420846,0.007874146742451179,-0.05281300689782459,-0.03492076926448001,-0.0,-0.0,0.010238770258142245,-0.0025565863399335835,-0.06200809505651647,-0.8665343416149227,-0.35594773072393426,-0.03900154858332332,-0.15800513086335355,-0.03952286423636123,-0.08911774621762979,-0.027964603372091883,14.855070765977938,0.1381115806041401,-0.033285773862628515,-0.00438609163112616,-0.0638880005699336,0.04854525970129488
0.8663727701169112,0.09595483194102251,0.08873664309861966,0.0,-0.20295531031420846,0.007874146742451179,-0.0025884941200835744,0.0341153478975892,0.0,-0.0,0.01432610369452637,-0.0025565863399335835,-0.02596036999701654,-0.21718437332326368,0.04189786627697446,0.00011924105089071348,0.0550732972246846,-0.01932951889845314,0.011214592197735759,-0.0012224594412498303,-0.2513267547155428,0.029831161219535645,-0.014859220650681642,-0.029070251761841956,0.14601097460849305,0.048750914827158036
3.4915856969604695,-0.07115735974062427,-0.1748645083206357,-0.0,-0.20295531031420846,0.017535676487790055,-0.033495886598693424,-0.03492076926448001,-0.0,0.0,0.030675437440062875,-0.0025565863399335835,0.43665210159989926,8.409893776837349,3.0090636810352493,0.3354971291353901,0.5784238223531994,0.9050769565702284,0.14871005793169723,0.22530956353645273,21.564847207680387,2.8636089660897928,0.32334085050054945,0.07232536471765129,0.11977360271118973,0.04997015593048962
-1.0027788337957027,0.044511309969523086,-0.010970940306741983,0.0,0.1562576282949754,0.017535676487790055,0.020592050238873814,-0.023414749737468474,-0.0,0.0,0.03885010431283112,-0.0025565863399335835,-0.05960491338588315,0.8264137900026168,-0.1189079887982431,-0.016324751880100942,0.027036661949942743,-0.06644732468690534,0.014992565942185952,-0.006700221368413783,-5.097850422824406,-0.2382289014033265,-0.05017150418285474,0.06104687503494542,0.13289228865984137,0.04524008803563697
-1.0027788337957027,-0.05470119668979728,-0.05811891283150779,0.0,0.1562576282949754,-0.050095031729582074,-0.05281300689782459,0.0341153478975892,0.0,-0.0,-0.10011923252422915,-0.0025565863399335835,-0.016347643314483226,0.24663703259934988,-0.03314486609146043,-0.007572304029734411,-0.04025126270943772,0.007594941552090983,-0.051639298324307525,-0.003515509579677609,-5.107106757497325,-0.21842150761345985,-0.03901636859005529,-0.004762779891648753,0.09353623081388639,0.03980491685211063
-0.07870388354676994,0.11065298107573666,-0.06362939389703334,0.0,0.1562576282949754,0.027197206233128927,0.020592050238873814,0.01110330884356613,-0.0,0.0,0.05519943805836762,-0.0025565863399335835,-0.00673491663194991,0.6408852276335714,-0.042674101947769584,0.005291142053380038,0.006476462748465377,-0.028304339048634514,-0.01838856903231054,-0.0005875378549555104,-0.3572570284604004,0.0509590479287268,0.004496047728877672,0.02597055054040045,-0.1032440584158886,-0.04567416724772671
0.8663727701169112,0.029813160834808953,0.08359682219445232,0.0,-0.20295531031420846,0.017535676487790055,-0.033495886598693424,-0.03492076926448001,-0.0,0.0,0.030675437440062875,-0.0025565863399335835,-0.01754923414979989,0.24663703259934988,-0.1832303308283302,-0.01897700880445444,-0.07950255209407633,-0.04625397934899726,-0.04623888494827828,-0.007994956361722576,3.4809558075319775,-0.12928823555905986,0.03234694917580082,-0.003477608179277554,-0.12948143031319195,-0.04623237401792671
-1.0027788337957027,-0.006932212001976364,-0.004323768079717874,0.0,0.1562576282949754,-0.0017873830028876966,0.04763601865765743,-0.0004027106834454054,-0.0,-0.0,0.006151436821758119,-0.0025565863399335835,-0.036774687514866525,0.33940131378387256,-0.009321776450687411,-0.0017373387961567323,0.0943245866093232,-0.05074138942408795,0.04759530815968031,0.001169723753251897,-5.058396808877261,-0.08571196922135318,-0.038055992678092426,-0.03525237086100687,0.13289228865984137,0.04524008803563697
-1.0027788337957027,0.029813160834808953,0.11754929297486541,0.0,0.1562576282949754,-0.05975656147492094,0.016728626179047586,-0.0004027106834454054,-0.0,-0.0,-0.10420656596061327,-0.0025565863399335835,-0.06921764006841646,2.333833359251111,-0.14153992395697748,-0.01864547668891025,0.08871725955437484,-0.041766569273906574,0.030356667075888067,-0.008755356278427743,-5.114206995129232,-0.1249306089252892,-0.03764229228524689,-0.004408249764098077,0.13289228865984137,0.04524008803563697
